2025-03-25 15:41:58,420 [Worker-4: Loading available Gradle versions] INFO  o.e.b.c.i.u.g.PublishedGradleVersions - Gradle version information cache is not available. Remote download required.
2025-03-25 20:53:51,480 [Worker-0: Loading available Gradle versions] INFO  o.e.b.c.i.u.g.PublishedGradleVersions - Gradle version information cache is up-to-date. Trying to read.
2025-03-26 15:09:17,149 [Worker-0: Loading available Gradle versions] INFO  o.e.b.c.i.u.g.PublishedGradleVersions - Gradle version information cache is up-to-date. Trying to read.
2025-04-12 07:59:54,007 [Worker-0: Loading available Gradle versions] INFO  o.e.b.c.i.u.g.PublishedGradleVersions - Gradle version information cache is out-of-date. Trying to update.
2025-04-12 07:59:54,945 [Worker-0: Loading available Gradle versions] INFO  o.e.b.c.i.u.g.PublishedGradleVersions - Updating Gradle version information cache failed. Using outdated cache.
2025-04-19 09:31:16,521 [Worker-4: Loading available Gradle versions] INFO  o.e.b.c.i.u.g.PublishedGradleVersions - Gradle version information cache is up-to-date. Trying to read.
2025-04-19 13:43:06,690 [Worker-0: Loading available Gradle versions] INFO  o.e.b.c.i.u.g.PublishedGradleVersions - Gradle version information cache is up-to-date. Trying to read.
2025-04-19 19:48:00,827 [Worker-1: Loading available Gradle versions] INFO  o.e.b.c.i.u.g.PublishedGradleVersions - Gradle version information cache is up-to-date. Trying to read.
2025-05-24 14:31:55,056 [Worker-0: Loading available Gradle versions] INFO  o.e.b.c.i.u.g.PublishedGradleVersions - Gradle version information cache is out-of-date. Trying to update.
2025-05-24 15:01:25,099 [Worker-28: Enabling Maven Dependency Management] INFO  o.e.m.c.i.l.LifecycleMappingFactory - Using org.eclipse.m2e.jdt.JarLifecycleMapping lifecycle mapping for MavenProject: Tinchi_data_mysql:Tinchi_data_mysql:0.0.1-SNAPSHOT @ D:\Code\Java_Uck\sv-BuiHaiDang\Tinchi_data_mysql\pom.xml.
2025-05-24 15:01:26,365 [Worker-26: Building] WARN  o.a.m.s.f.DefaultMavenResourcesFiltering - Using platform encoding (UTF-8 actually) to copy filtered resources, i.e. build is platform dependent!
2025-05-24 15:01:26,371 [Worker-26: Building] INFO  o.a.m.s.f.DefaultMavenResourcesFiltering - Copying 2 resources from src to target\classes
2025-05-24 15:01:26,385 [Worker-26: Building] WARN  o.a.m.s.f.DefaultMavenResourcesFiltering - Using platform encoding (UTF-8 actually) to copy filtered resources, i.e. build is platform dependent!
2025-05-24 15:01:26,385 [Worker-26: Building] INFO  o.a.m.s.f.DefaultMavenResourcesFiltering - skip non existing resourceDirectory D:\Code\Java_Uck\sv-BuiHaiDang\Tinchi_data_mysql\src\test\resources
2025-05-24 15:01:27,054 [Worker-28: Enabling Maven Dependency Management] INFO  o.e.m.j.i.AbstractJavaProjectConfigurator - Adding source folder /Tinchi_data_mysql/src
2025-05-24 15:01:27,056 [Worker-28: Enabling Maven Dependency Management] INFO  o.e.m.j.i.AbstractJavaProjectConfigurator - Resources folder /Tinchi_data_mysql/src overlaps with sources folder /Tinchi_data_mysql/src
2025-05-24 15:01:27,058 [Worker-28: Enabling Maven Dependency Management] INFO  o.e.m.j.i.AbstractJavaProjectConfigurator - Not adding source folder /Tinchi_data_mysql/src/test/java because it overlaps with /Tinchi_data_mysql/src
2025-05-24 15:01:27,059 [Worker-28: Enabling Maven Dependency Management] INFO  o.e.m.j.i.AbstractJavaProjectConfigurator - Resources folder /Tinchi_data_mysql/src/test/resources overlaps with sources folder /Tinchi_data_mysql/src
2025-05-24 15:01:28,086 [Worker-21: Building] WARN  o.a.m.s.f.DefaultMavenResourcesFiltering - Using platform encoding (UTF-8 actually) to copy filtered resources, i.e. build is platform dependent!
2025-05-24 15:01:28,089 [Worker-21: Building] INFO  o.a.m.s.f.DefaultMavenResourcesFiltering - Copying 0 resource from src to target\classes
2025-05-24 15:01:28,095 [Worker-21: Building] WARN  o.a.m.s.f.DefaultMavenResourcesFiltering - Using platform encoding (UTF-8 actually) to copy filtered resources, i.e. build is platform dependent!
2025-05-24 15:01:28,096 [Worker-21: Building] INFO  o.a.m.s.f.DefaultMavenResourcesFiltering - skip non existing resourceDirectory D:\Code\Java_Uck\sv-BuiHaiDang\Tinchi_data_mysql\src\test\resources
2025-05-24 15:01:28,445 [Worker-28: Enabling Maven Dependency Management] INFO  o.e.m.c.i.p.ProjectConfigurationManager - Update started
2025-05-24 15:01:29,053 [Worker-28: Enabling Maven Dependency Management] INFO  o.e.m.c.i.l.LifecycleMappingFactory - Using org.eclipse.m2e.jdt.JarLifecycleMapping lifecycle mapping for MavenProject: Tinchi_data_mysql:Tinchi_data_mysql:0.0.1-SNAPSHOT @ D:\Code\Java_Uck\sv-BuiHaiDang\Tinchi_data_mysql\pom.xml.
2025-05-24 15:01:29,489 [Worker-28: Enabling Maven Dependency Management] INFO  o.e.m.j.i.AbstractJavaProjectConfigurator - Adding source folder /Tinchi_data_mysql/src
2025-05-24 15:01:29,490 [Worker-28: Enabling Maven Dependency Management] INFO  o.e.m.j.i.AbstractJavaProjectConfigurator - Resources folder /Tinchi_data_mysql/src overlaps with sources folder /Tinchi_data_mysql/src
2025-05-24 15:01:29,491 [Worker-28: Enabling Maven Dependency Management] INFO  o.e.m.j.i.AbstractJavaProjectConfigurator - Not adding source folder /Tinchi_data_mysql/src/test/java because it overlaps with /Tinchi_data_mysql/src
2025-05-24 15:01:29,492 [Worker-28: Enabling Maven Dependency Management] INFO  o.e.m.j.i.AbstractJavaProjectConfigurator - Resources folder /Tinchi_data_mysql/src/test/resources overlaps with sources folder /Tinchi_data_mysql/src
2025-05-24 15:01:29,726 [Worker-28: Enabling Maven Dependency Management] INFO  o.e.m.c.i.p.ProjectConfigurationManager - Update completed for 1 poms: local refresh takes 0.00 sec, refresh facades takes 0.00 sec, update config takes 0.00 sec 
2025-05-24 15:01:30,323 [Worker-28: Building] WARN  o.a.m.s.f.DefaultMavenResourcesFiltering - Using platform encoding (UTF-8 actually) to copy filtered resources, i.e. build is platform dependent!
2025-05-24 15:01:30,328 [Worker-28: Building] INFO  o.a.m.s.f.DefaultMavenResourcesFiltering - Copying 2 resources from src to target\classes
2025-05-24 15:01:30,364 [Worker-28: Building] WARN  o.a.m.s.f.DefaultMavenResourcesFiltering - Using platform encoding (UTF-8 actually) to copy filtered resources, i.e. build is platform dependent!
2025-05-24 15:01:30,366 [Worker-28: Building] INFO  o.a.m.s.f.DefaultMavenResourcesFiltering - skip non existing resourceDirectory D:\Code\Java_Uck\sv-BuiHaiDang\Tinchi_data_mysql\src\test\resources
2025-05-24 15:02:42,484 [Worker-32: Building] INFO  o.e.m.c.i.l.LifecycleMappingFactory - Using org.eclipse.m2e.jdt.JarLifecycleMapping lifecycle mapping for MavenProject: Tinchi_data_mysql:Tinchi_data_mysql:0.0.1-SNAPSHOT @ D:\Code\Java_Uck\sv-BuiHaiDang\Tinchi_data_mysql\pom.xml.
2025-05-24 15:02:42,672 [Worker-32: Building] WARN  o.a.m.s.f.DefaultMavenResourcesFiltering - Using platform encoding (UTF-8 actually) to copy filtered resources, i.e. build is platform dependent!
2025-05-24 15:02:42,677 [Worker-32: Building] INFO  o.a.m.s.f.DefaultMavenResourcesFiltering - Copying 0 resource from src to target\classes
2025-05-24 15:02:42,686 [Worker-32: Building] WARN  o.a.m.s.f.DefaultMavenResourcesFiltering - Using platform encoding (UTF-8 actually) to copy filtered resources, i.e. build is platform dependent!
2025-05-24 15:02:42,686 [Worker-32: Building] INFO  o.a.m.s.f.DefaultMavenResourcesFiltering - skip non existing resourceDirectory D:\Code\Java_Uck\sv-BuiHaiDang\Tinchi_data_mysql\src\test\resources
2025-05-24 15:06:03,634 [Worker-0: Loading available Gradle versions] INFO  o.e.b.c.i.u.g.PublishedGradleVersions - Gradle version information cache is up-to-date. Trying to read.
2025-05-24 15:07:04,139 [Worker-4: Updating Maven Dependencies] INFO  o.e.m.c.i.l.LifecycleMappingFactory - Using org.eclipse.m2e.jdt.JarLifecycleMapping lifecycle mapping for MavenProject: org:Hello:0.0.1-SNAPSHOT @ D:\Code\Java_Uck\sv-BuiHaiDang\Read_Timetable_Dynamic\pom.xml.
2025-05-24 15:07:06,560 [Worker-7: Building] WARN  o.a.m.s.f.DefaultMavenResourcesFiltering - Using platform encoding (UTF-8 actually) to copy filtered resources, i.e. build is platform dependent!
2025-05-24 15:07:06,570 [Worker-7: Building] INFO  o.a.m.s.f.DefaultMavenResourcesFiltering - Copying 0 resource from src\main\resources to target\classes
2025-05-24 15:07:06,577 [Worker-7: Building] WARN  o.a.m.s.f.DefaultMavenResourcesFiltering - Using platform encoding (UTF-8 actually) to copy filtered resources, i.e. build is platform dependent!
2025-05-24 15:07:06,579 [Worker-7: Building] INFO  o.a.m.s.f.DefaultMavenResourcesFiltering - Copying 0 resource from src\test\resources to target\test-classes
2025-05-24 15:07:28,231 [Worker-2: Building] INFO  o.e.m.c.i.l.LifecycleMappingFactory - Using org.eclipse.m2e.jdt.JarLifecycleMapping lifecycle mapping for MavenProject: Tinchi_data_mysql:Tinchi_data_mysql:0.0.1-SNAPSHOT @ D:\Code\Java_Uck\sv-BuiHaiDang\Tinchi_data_mysql\pom.xml.
2025-05-24 15:07:28,351 [Worker-2: Building] WARN  o.a.m.s.f.DefaultMavenResourcesFiltering - Using platform encoding (UTF-8 actually) to copy filtered resources, i.e. build is platform dependent!
2025-05-24 15:07:28,353 [Worker-2: Building] INFO  o.a.m.s.f.DefaultMavenResourcesFiltering - Copying 2 resources from src to target\classes
2025-05-24 15:07:28,360 [Worker-2: Building] WARN  o.a.m.s.f.DefaultMavenResourcesFiltering - Using platform encoding (UTF-8 actually) to copy filtered resources, i.e. build is platform dependent!
2025-05-24 15:07:28,361 [Worker-2: Building] INFO  o.a.m.s.f.DefaultMavenResourcesFiltering - skip non existing resourceDirectory D:\Code\Java_Uck\sv-BuiHaiDang\Tinchi_data_mysql\src\test\resources
2025-05-24 15:07:28,455 [Worker-10: Updating Maven Project] INFO  o.e.m.c.i.p.ProjectConfigurationManager - Update started
2025-05-24 15:07:28,538 [Worker-10: Updating Maven Project] INFO  o.e.m.c.i.l.LifecycleMappingFactory - Using org.eclipse.m2e.jdt.JarLifecycleMapping lifecycle mapping for MavenProject: Tinchi_data_mysql:Tinchi_data_mysql:0.0.1-SNAPSHOT @ D:\Code\Java_Uck\sv-BuiHaiDang\Tinchi_data_mysql\pom.xml.
2025-05-24 15:07:28,641 [Worker-10: Updating Maven Project] INFO  o.e.m.j.i.AbstractJavaProjectConfigurator - Adding source folder /Tinchi_data_mysql/src
2025-05-24 15:07:28,642 [Worker-10: Updating Maven Project] INFO  o.e.m.j.i.AbstractJavaProjectConfigurator - Resources folder /Tinchi_data_mysql/src overlaps with sources folder /Tinchi_data_mysql/src
2025-05-24 15:07:28,644 [Worker-10: Updating Maven Project] INFO  o.e.m.j.i.AbstractJavaProjectConfigurator - Not adding source folder /Tinchi_data_mysql/src/test/java because it overlaps with /Tinchi_data_mysql/src
2025-05-24 15:07:28,647 [Worker-10: Updating Maven Project] INFO  o.e.m.j.i.AbstractJavaProjectConfigurator - Resources folder /Tinchi_data_mysql/src/test/resources overlaps with sources folder /Tinchi_data_mysql/src
2025-05-24 15:07:28,805 [Worker-10: Updating Maven Project] INFO  o.e.m.c.i.p.ProjectConfigurationManager - Update completed for 1 poms: local refresh takes 0.00 sec, refresh facades takes 0.00 sec, update config takes 0.00 sec 
2025-05-24 15:07:29,602 [Worker-7: Building] WARN  o.a.m.s.f.DefaultMavenResourcesFiltering - Using platform encoding (UTF-8 actually) to copy filtered resources, i.e. build is platform dependent!
2025-05-24 15:07:29,603 [Worker-7: Building] INFO  o.a.m.s.f.DefaultMavenResourcesFiltering - Copying 2 resources from src to target\classes
2025-05-24 15:07:29,632 [Worker-7: Building] WARN  o.a.m.s.f.DefaultMavenResourcesFiltering - Using platform encoding (UTF-8 actually) to copy filtered resources, i.e. build is platform dependent!
2025-05-24 15:07:29,633 [Worker-7: Building] INFO  o.a.m.s.f.DefaultMavenResourcesFiltering - skip non existing resourceDirectory D:\Code\Java_Uck\sv-BuiHaiDang\Tinchi_data_mysql\src\test\resources
2025-05-24 15:07:41,070 [Worker-9: Building] ERROR o.e.m.c.i.p.r.ProjectRegistryManager - Could not read pom.xml
org.eclipse.core.runtime.CoreException: Could not read pom.xml
	at org.eclipse.m2e.core.internal.IMavenToolbox.readModel(IMavenToolbox.java:245)
	at org.eclipse.m2e.core.internal.project.registry.ProjectRegistryManager.refreshPhase2(ProjectRegistryManager.java:591)
	at org.eclipse.m2e.core.internal.project.registry.ProjectRegistryManager.refresh(ProjectRegistryManager.java:491)
	at org.eclipse.m2e.core.internal.project.registry.ProjectRegistryManager.refresh(ProjectRegistryManager.java:370)
	at org.eclipse.m2e.core.internal.project.registry.ProjectRegistryManager.refresh(ProjectRegistryManager.java:322)
	at org.eclipse.m2e.core.internal.builder.MavenBuilder$BuildMethod.getProjectFacade(MavenBuilder.java:146)
	at org.eclipse.m2e.core.internal.builder.MavenBuilder$BuildMethod.lambda$0(MavenBuilder.java:84)
	at org.eclipse.m2e.core.internal.embedder.MavenExecutionContext.executeBare(MavenExecutionContext.java:458)
	at org.eclipse.m2e.core.internal.embedder.MavenExecutionContext.execute(MavenExecutionContext.java:339)
	at org.eclipse.m2e.core.internal.embedder.MavenExecutionContext.execute(MavenExecutionContext.java:278)
	at org.eclipse.m2e.core.internal.builder.MavenBuilder$BuildMethod.execute(MavenBuilder.java:83)
	at org.eclipse.m2e.core.internal.builder.MavenBuilder.build(MavenBuilder.java:192)
	at org.eclipse.core.internal.events.BuildManager$2.run(BuildManager.java:1077)
	at org.eclipse.core.runtime.SafeRunner.run(SafeRunner.java:47)
	at org.eclipse.core.internal.events.BuildManager.basicBuild(BuildManager.java:296)
	at org.eclipse.core.internal.events.BuildManager.basicBuild(BuildManager.java:352)
	at org.eclipse.core.internal.events.BuildManager$1.run(BuildManager.java:441)
	at org.eclipse.core.runtime.SafeRunner.run(SafeRunner.java:47)
	at org.eclipse.core.internal.events.BuildManager.basicBuild(BuildManager.java:444)
	at org.eclipse.core.internal.events.BuildManager.basicBuildLoop(BuildManager.java:555)
	at org.eclipse.core.internal.events.BuildManager.basicBuildLoop(BuildManager.java:503)
	at org.eclipse.core.internal.events.BuildManager.build(BuildManager.java:585)
	at org.eclipse.core.internal.events.AutoBuildJob.doBuild(AutoBuildJob.java:207)
	at org.eclipse.core.internal.events.AutoBuildJob.run(AutoBuildJob.java:300)
	at org.eclipse.core.internal.jobs.Worker.run(Worker.java:63)
Caused by: org.apache.maven.model.io.ModelParseException: Unrecognised tag: 'build' (position: START_TAG seen ...<dependencies>\r\n  \r\n \r\n \r\n \r\n  <build>... @12:10) 
	at org.apache.maven.model.io.DefaultModelReader.read(DefaultModelReader.java:96)
	at org.apache.maven.model.io.DefaultModelReader.read(DefaultModelReader.java:74)
	at org.eclipse.m2e.core.internal.IMavenToolbox.readModel(IMavenToolbox.java:243)
	... 24 common frames omitted
Caused by: org.codehaus.plexus.util.xml.pull.XmlPullParserException: Unrecognised tag: 'build' (position: START_TAG seen ...<dependencies>\r\n  \r\n \r\n \r\n \r\n  <build>... @12:10) 
	at org.apache.maven.model.io.xpp3.MavenXpp3Reader.checkUnknownElement(MavenXpp3Reader.java:181)
	at org.apache.maven.model.io.xpp3.MavenXpp3Reader.parseModel(MavenXpp3Reader.java:2325)
	at org.apache.maven.model.io.xpp3.MavenXpp3Reader.read(MavenXpp3Reader.java:623)
	at org.apache.maven.model.io.xpp3.MavenXpp3Reader.read(MavenXpp3Reader.java:654)
	at org.apache.maven.model.io.DefaultModelReader.read(DefaultModelReader.java:93)
	... 26 common frames omitted
2025-05-24 15:07:46,475 [Worker-11: Building] INFO  o.e.m.c.i.l.LifecycleMappingFactory - Using org.eclipse.m2e.jdt.JarLifecycleMapping lifecycle mapping for MavenProject: Tinchi_data_mysql:Tinchi_data_mysql:0.0.1-SNAPSHOT @ D:\Code\Java_Uck\sv-BuiHaiDang\Tinchi_data_mysql\pom.xml.
2025-05-24 15:07:46,555 [Worker-11: Building] WARN  o.a.m.s.f.DefaultMavenResourcesFiltering - Using platform encoding (UTF-8 actually) to copy filtered resources, i.e. build is platform dependent!
2025-05-24 15:07:46,558 [Worker-11: Building] INFO  o.a.m.s.f.DefaultMavenResourcesFiltering - Copying 0 resource from src to target\classes
2025-05-24 15:07:46,563 [Worker-11: Building] WARN  o.a.m.s.f.DefaultMavenResourcesFiltering - Using platform encoding (UTF-8 actually) to copy filtered resources, i.e. build is platform dependent!
2025-05-24 15:07:46,564 [Worker-11: Building] INFO  o.a.m.s.f.DefaultMavenResourcesFiltering - skip non existing resourceDirectory D:\Code\Java_Uck\sv-BuiHaiDang\Tinchi_data_mysql\src\test\resources
2025-05-24 15:07:49,834 [Worker-14: Building] INFO  o.e.m.c.i.l.LifecycleMappingFactory - Using org.eclipse.m2e.jdt.JarLifecycleMapping lifecycle mapping for MavenProject: Tinchi_data_mysql:Tinchi_data_mysql:0.0.1-SNAPSHOT @ D:\Code\Java_Uck\sv-BuiHaiDang\Tinchi_data_mysql\pom.xml.
2025-05-24 15:07:49,857 [Worker-14: Building] WARN  o.a.m.s.f.DefaultMavenResourcesFiltering - Using platform encoding (UTF-8 actually) to copy filtered resources, i.e. build is platform dependent!
2025-05-24 15:07:49,858 [Worker-14: Building] INFO  o.a.m.s.f.DefaultMavenResourcesFiltering - Copying 0 resource from src to target\classes
2025-05-24 15:07:49,864 [Worker-14: Building] WARN  o.a.m.s.f.DefaultMavenResourcesFiltering - Using platform encoding (UTF-8 actually) to copy filtered resources, i.e. build is platform dependent!
2025-05-24 15:07:49,864 [Worker-14: Building] INFO  o.a.m.s.f.DefaultMavenResourcesFiltering - skip non existing resourceDirectory D:\Code\Java_Uck\sv-BuiHaiDang\Tinchi_data_mysql\src\test\resources
2025-05-24 15:07:52,091 [Worker-1: Building] INFO  o.e.m.c.i.l.LifecycleMappingFactory - Using org.eclipse.m2e.jdt.JarLifecycleMapping lifecycle mapping for MavenProject: Tinchi_data_mysql:Tinchi_data_mysql:0.0.1-SNAPSHOT @ D:\Code\Java_Uck\sv-BuiHaiDang\Tinchi_data_mysql\pom.xml.
2025-05-24 15:07:52,118 [Worker-1: Building] WARN  o.a.m.s.f.DefaultMavenResourcesFiltering - Using platform encoding (UTF-8 actually) to copy filtered resources, i.e. build is platform dependent!
2025-05-24 15:07:52,120 [Worker-1: Building] INFO  o.a.m.s.f.DefaultMavenResourcesFiltering - Copying 0 resource from src to target\classes
2025-05-24 15:07:52,122 [Worker-1: Building] WARN  o.a.m.s.f.DefaultMavenResourcesFiltering - Using platform encoding (UTF-8 actually) to copy filtered resources, i.e. build is platform dependent!
2025-05-24 15:07:52,122 [Worker-1: Building] INFO  o.a.m.s.f.DefaultMavenResourcesFiltering - skip non existing resourceDirectory D:\Code\Java_Uck\sv-BuiHaiDang\Tinchi_data_mysql\src\test\resources
2025-05-24 15:07:55,487 [Worker-14: Building] INFO  o.e.m.c.i.l.LifecycleMappingFactory - Using org.eclipse.m2e.jdt.JarLifecycleMapping lifecycle mapping for MavenProject: Tinchi_data_mysql:Tinchi_data_mysql:0.0.1-SNAPSHOT @ D:\Code\Java_Uck\sv-BuiHaiDang\Tinchi_data_mysql\pom.xml.
2025-05-24 15:07:55,906 [Worker-14: Building] INFO  o.e.m.c.i.e.AbstractTransferListenerAdapter - Downloading https://repo.maven.apache.org/maven2/mysql/mysql-connector-java/8.0.19/mysql-connector-java-8.0.19.pom
2025-05-24 15:07:55,932 [Worker-14: Building] INFO  o.e.m.c.i.e.AbstractTransferListenerAdapter - Downloaded https://repo.maven.apache.org/maven2/mysql/mysql-connector-java/8.0.19/mysql-connector-java-8.0.19.pom
2025-05-24 15:07:56,006 [Worker-14: Building] INFO  o.e.m.c.i.e.AbstractTransferListenerAdapter - Downloading https://repo.maven.apache.org/maven2/mysql/mysql-connector-java/8.0.19/mysql-connector-java-8.0.19.jar
2025-05-24 15:07:56,545 [Worker-14: Building] INFO  o.e.m.c.i.e.AbstractTransferListenerAdapter - Downloaded https://repo.maven.apache.org/maven2/mysql/mysql-connector-java/8.0.19/mysql-connector-java-8.0.19.jar
2025-05-24 15:07:56,591 [Worker-14: Building] WARN  o.a.m.s.f.DefaultMavenResourcesFiltering - Using platform encoding (UTF-8 actually) to copy filtered resources, i.e. build is platform dependent!
2025-05-24 15:07:56,592 [Worker-14: Building] INFO  o.a.m.s.f.DefaultMavenResourcesFiltering - Copying 0 resource from src to target\classes
2025-05-24 15:07:56,599 [Worker-14: Building] WARN  o.a.m.s.f.DefaultMavenResourcesFiltering - Using platform encoding (UTF-8 actually) to copy filtered resources, i.e. build is platform dependent!
2025-05-24 15:07:56,600 [Worker-14: Building] INFO  o.a.m.s.f.DefaultMavenResourcesFiltering - skip non existing resourceDirectory D:\Code\Java_Uck\sv-BuiHaiDang\Tinchi_data_mysql\src\test\resources
2025-05-24 15:07:57,882 [Worker-14: Building] INFO  o.e.m.c.i.l.LifecycleMappingFactory - Using org.eclipse.m2e.jdt.JarLifecycleMapping lifecycle mapping for MavenProject: Tinchi_data_mysql:Tinchi_data_mysql:0.0.1-SNAPSHOT @ D:\Code\Java_Uck\sv-BuiHaiDang\Tinchi_data_mysql\pom.xml.
2025-05-24 15:07:58,118 [Worker-3: Download sources and javadoc] INFO  o.e.m.c.i.e.AbstractTransferListenerAdapter - Downloading https://repo.maven.apache.org/maven2/mysql/mysql-connector-java/8.0.19/mysql-connector-java-8.0.19-sources.jar
2025-05-24 15:07:58,835 [Worker-3: Download sources and javadoc] INFO  o.e.m.c.i.e.AbstractTransferListenerAdapter - Downloaded https://repo.maven.apache.org/maven2/mysql/mysql-connector-java/8.0.19/mysql-connector-java-8.0.19-sources.jar
2025-05-24 15:07:58,839 [Worker-3: Download sources and javadoc] INFO  o.e.m.j.internal.DownloadSourcesJob - Downloaded sources for mysql:mysql-connector-java:8.0.19
2025-05-24 15:07:58,885 [Worker-14: Building] WARN  o.a.m.s.f.DefaultMavenResourcesFiltering - Using platform encoding (UTF-8 actually) to copy filtered resources, i.e. build is platform dependent!
2025-05-24 15:07:58,887 [Worker-14: Building] INFO  o.a.m.s.f.DefaultMavenResourcesFiltering - Copying 0 resource from src to target\classes
2025-05-24 15:07:58,890 [Worker-14: Building] WARN  o.a.m.s.f.DefaultMavenResourcesFiltering - Using platform encoding (UTF-8 actually) to copy filtered resources, i.e. build is platform dependent!
2025-05-24 15:07:58,891 [Worker-14: Building] INFO  o.a.m.s.f.DefaultMavenResourcesFiltering - skip non existing resourceDirectory D:\Code\Java_Uck\sv-BuiHaiDang\Tinchi_data_mysql\src\test\resources
2025-05-24 15:27:18,683 [Worker-18: Building] WARN  o.a.m.s.f.DefaultMavenResourcesFiltering - Using platform encoding (UTF-8 actually) to copy filtered resources, i.e. build is platform dependent!
2025-05-24 15:27:18,729 [Worker-18: Building] INFO  o.a.m.s.f.DefaultMavenResourcesFiltering - Copying 0 resource from src to target\classes
2025-05-24 15:27:18,739 [Worker-18: Building] WARN  o.a.m.s.f.DefaultMavenResourcesFiltering - Using platform encoding (UTF-8 actually) to copy filtered resources, i.e. build is platform dependent!
2025-05-24 15:27:18,740 [Worker-18: Building] INFO  o.a.m.s.f.DefaultMavenResourcesFiltering - skip non existing resourceDirectory D:\Code\Java_Uck\sv-BuiHaiDang\Tinchi_data_mysql\src\test\resources
2025-05-24 15:27:20,889 [Worker-19: Building] WARN  o.a.m.s.f.DefaultMavenResourcesFiltering - Using platform encoding (UTF-8 actually) to copy filtered resources, i.e. build is platform dependent!
2025-05-24 15:27:20,891 [Worker-19: Building] INFO  o.a.m.s.f.DefaultMavenResourcesFiltering - Copying 0 resource from src to target\classes
2025-05-24 15:27:20,894 [Worker-19: Building] WARN  o.a.m.s.f.DefaultMavenResourcesFiltering - Using platform encoding (UTF-8 actually) to copy filtered resources, i.e. build is platform dependent!
2025-05-24 15:27:20,896 [Worker-19: Building] INFO  o.a.m.s.f.DefaultMavenResourcesFiltering - skip non existing resourceDirectory D:\Code\Java_Uck\sv-BuiHaiDang\Tinchi_data_mysql\src\test\resources
2025-05-24 15:27:33,272 [Worker-20: Building] WARN  o.a.m.s.f.DefaultMavenResourcesFiltering - Using platform encoding (UTF-8 actually) to copy filtered resources, i.e. build is platform dependent!
2025-05-24 15:27:33,275 [Worker-20: Building] INFO  o.a.m.s.f.DefaultMavenResourcesFiltering - Copying 0 resource from src to target\classes
2025-05-24 15:27:33,279 [Worker-20: Building] WARN  o.a.m.s.f.DefaultMavenResourcesFiltering - Using platform encoding (UTF-8 actually) to copy filtered resources, i.e. build is platform dependent!
2025-05-24 15:27:33,280 [Worker-20: Building] INFO  o.a.m.s.f.DefaultMavenResourcesFiltering - skip non existing resourceDirectory D:\Code\Java_Uck\sv-BuiHaiDang\Tinchi_data_mysql\src\test\resources
2025-05-24 15:27:38,007 [Worker-19: Building] WARN  o.a.m.s.f.DefaultMavenResourcesFiltering - Using platform encoding (UTF-8 actually) to copy filtered resources, i.e. build is platform dependent!
2025-05-24 15:27:38,010 [Worker-19: Building] INFO  o.a.m.s.f.DefaultMavenResourcesFiltering - Copying 0 resource from src to target\classes
2025-05-24 15:27:38,014 [Worker-19: Building] WARN  o.a.m.s.f.DefaultMavenResourcesFiltering - Using platform encoding (UTF-8 actually) to copy filtered resources, i.e. build is platform dependent!
2025-05-24 15:27:38,015 [Worker-19: Building] INFO  o.a.m.s.f.DefaultMavenResourcesFiltering - skip non existing resourceDirectory D:\Code\Java_Uck\sv-BuiHaiDang\Tinchi_data_mysql\src\test\resources
2025-05-24 15:28:04,485 [Worker-21: Building] WARN  o.a.m.s.f.DefaultMavenResourcesFiltering - Using platform encoding (UTF-8 actually) to copy filtered resources, i.e. build is platform dependent!
2025-05-24 15:28:04,487 [Worker-21: Building] INFO  o.a.m.s.f.DefaultMavenResourcesFiltering - Copying 0 resource from src to target\classes
2025-05-24 15:28:04,489 [Worker-21: Building] WARN  o.a.m.s.f.DefaultMavenResourcesFiltering - Using platform encoding (UTF-8 actually) to copy filtered resources, i.e. build is platform dependent!
2025-05-24 15:28:04,489 [Worker-21: Building] INFO  o.a.m.s.f.DefaultMavenResourcesFiltering - skip non existing resourceDirectory D:\Code\Java_Uck\sv-BuiHaiDang\Tinchi_data_mysql\src\test\resources
2025-05-24 15:28:09,113 [Worker-20: Building] WARN  o.a.m.s.f.DefaultMavenResourcesFiltering - Using platform encoding (UTF-8 actually) to copy filtered resources, i.e. build is platform dependent!
2025-05-24 15:28:09,115 [Worker-20: Building] INFO  o.a.m.s.f.DefaultMavenResourcesFiltering - Copying 0 resource from src to target\classes
2025-05-24 15:28:09,120 [Worker-20: Building] WARN  o.a.m.s.f.DefaultMavenResourcesFiltering - Using platform encoding (UTF-8 actually) to copy filtered resources, i.e. build is platform dependent!
2025-05-24 15:28:09,120 [Worker-20: Building] INFO  o.a.m.s.f.DefaultMavenResourcesFiltering - skip non existing resourceDirectory D:\Code\Java_Uck\sv-BuiHaiDang\Tinchi_data_mysql\src\test\resources
2025-05-24 15:28:25,221 [Worker-19: Building] WARN  o.a.m.s.f.DefaultMavenResourcesFiltering - Using platform encoding (UTF-8 actually) to copy filtered resources, i.e. build is platform dependent!
2025-05-24 15:28:25,315 [Worker-19: Building] INFO  o.a.m.s.f.DefaultMavenResourcesFiltering - Copying 0 resource from src to target\classes
2025-05-24 15:28:25,318 [Worker-19: Building] WARN  o.a.m.s.f.DefaultMavenResourcesFiltering - Using platform encoding (UTF-8 actually) to copy filtered resources, i.e. build is platform dependent!
2025-05-24 15:28:25,319 [Worker-19: Building] INFO  o.a.m.s.f.DefaultMavenResourcesFiltering - skip non existing resourceDirectory D:\Code\Java_Uck\sv-BuiHaiDang\Tinchi_data_mysql\src\test\resources
2025-05-24 15:28:26,375 [Worker-19: Building] WARN  o.a.m.s.f.DefaultMavenResourcesFiltering - Using platform encoding (UTF-8 actually) to copy filtered resources, i.e. build is platform dependent!
2025-05-24 15:28:26,379 [Worker-19: Building] INFO  o.a.m.s.f.DefaultMavenResourcesFiltering - Copying 0 resource from src to target\classes
2025-05-24 15:28:26,384 [Worker-19: Building] WARN  o.a.m.s.f.DefaultMavenResourcesFiltering - Using platform encoding (UTF-8 actually) to copy filtered resources, i.e. build is platform dependent!
2025-05-24 15:28:26,385 [Worker-19: Building] INFO  o.a.m.s.f.DefaultMavenResourcesFiltering - skip non existing resourceDirectory D:\Code\Java_Uck\sv-BuiHaiDang\Tinchi_data_mysql\src\test\resources
2025-05-24 15:31:02,700 [Worker-25: Building] WARN  o.a.m.s.f.DefaultMavenResourcesFiltering - Using platform encoding (UTF-8 actually) to copy filtered resources, i.e. build is platform dependent!
2025-05-24 15:31:02,702 [Worker-25: Building] INFO  o.a.m.s.f.DefaultMavenResourcesFiltering - Copying 0 resource from src to target\classes
2025-05-24 15:31:02,705 [Worker-25: Building] WARN  o.a.m.s.f.DefaultMavenResourcesFiltering - Using platform encoding (UTF-8 actually) to copy filtered resources, i.e. build is platform dependent!
2025-05-24 15:31:02,706 [Worker-25: Building] INFO  o.a.m.s.f.DefaultMavenResourcesFiltering - skip non existing resourceDirectory D:\Code\Java_Uck\sv-BuiHaiDang\Tinchi_data_mysql\src\test\resources
2025-05-24 15:31:08,636 [Worker-18: Building] WARN  o.a.m.s.f.DefaultMavenResourcesFiltering - Using platform encoding (UTF-8 actually) to copy filtered resources, i.e. build is platform dependent!
2025-05-24 15:31:08,637 [Worker-18: Building] INFO  o.a.m.s.f.DefaultMavenResourcesFiltering - Copying 0 resource from src to target\classes
2025-05-24 15:31:08,639 [Worker-18: Building] WARN  o.a.m.s.f.DefaultMavenResourcesFiltering - Using platform encoding (UTF-8 actually) to copy filtered resources, i.e. build is platform dependent!
2025-05-24 15:31:08,641 [Worker-18: Building] INFO  o.a.m.s.f.DefaultMavenResourcesFiltering - skip non existing resourceDirectory D:\Code\Java_Uck\sv-BuiHaiDang\Tinchi_data_mysql\src\test\resources
2025-05-24 15:31:11,356 [Worker-25: Building] WARN  o.a.m.s.f.DefaultMavenResourcesFiltering - Using platform encoding (UTF-8 actually) to copy filtered resources, i.e. build is platform dependent!
2025-05-24 15:31:11,358 [Worker-25: Building] INFO  o.a.m.s.f.DefaultMavenResourcesFiltering - Copying 0 resource from src to target\classes
2025-05-24 15:31:11,363 [Worker-25: Building] WARN  o.a.m.s.f.DefaultMavenResourcesFiltering - Using platform encoding (UTF-8 actually) to copy filtered resources, i.e. build is platform dependent!
2025-05-24 15:31:11,365 [Worker-25: Building] INFO  o.a.m.s.f.DefaultMavenResourcesFiltering - skip non existing resourceDirectory D:\Code\Java_Uck\sv-BuiHaiDang\Tinchi_data_mysql\src\test\resources
2025-05-24 15:31:20,706 [Worker-22: Building] WARN  o.a.m.s.f.DefaultMavenResourcesFiltering - Using platform encoding (UTF-8 actually) to copy filtered resources, i.e. build is platform dependent!
2025-05-24 15:31:20,708 [Worker-22: Building] INFO  o.a.m.s.f.DefaultMavenResourcesFiltering - Copying 0 resource from src to target\classes
2025-05-24 15:31:20,711 [Worker-22: Building] WARN  o.a.m.s.f.DefaultMavenResourcesFiltering - Using platform encoding (UTF-8 actually) to copy filtered resources, i.e. build is platform dependent!
2025-05-24 15:31:20,711 [Worker-22: Building] INFO  o.a.m.s.f.DefaultMavenResourcesFiltering - skip non existing resourceDirectory D:\Code\Java_Uck\sv-BuiHaiDang\Tinchi_data_mysql\src\test\resources
2025-05-24 15:31:26,284 [Worker-25: Building] WARN  o.a.m.s.f.DefaultMavenResourcesFiltering - Using platform encoding (UTF-8 actually) to copy filtered resources, i.e. build is platform dependent!
2025-05-24 15:31:26,285 [Worker-25: Building] INFO  o.a.m.s.f.DefaultMavenResourcesFiltering - Copying 0 resource from src to target\classes
2025-05-24 15:31:26,289 [Worker-25: Building] WARN  o.a.m.s.f.DefaultMavenResourcesFiltering - Using platform encoding (UTF-8 actually) to copy filtered resources, i.e. build is platform dependent!
2025-05-24 15:31:26,290 [Worker-25: Building] INFO  o.a.m.s.f.DefaultMavenResourcesFiltering - skip non existing resourceDirectory D:\Code\Java_Uck\sv-BuiHaiDang\Tinchi_data_mysql\src\test\resources
2025-05-24 15:31:54,722 [Worker-24: Building] WARN  o.a.m.s.f.DefaultMavenResourcesFiltering - Using platform encoding (UTF-8 actually) to copy filtered resources, i.e. build is platform dependent!
2025-05-24 15:31:54,724 [Worker-24: Building] INFO  o.a.m.s.f.DefaultMavenResourcesFiltering - Copying 0 resource from src to target\classes
2025-05-24 15:31:54,729 [Worker-24: Building] WARN  o.a.m.s.f.DefaultMavenResourcesFiltering - Using platform encoding (UTF-8 actually) to copy filtered resources, i.e. build is platform dependent!
2025-05-24 15:31:54,732 [Worker-24: Building] INFO  o.a.m.s.f.DefaultMavenResourcesFiltering - skip non existing resourceDirectory D:\Code\Java_Uck\sv-BuiHaiDang\Tinchi_data_mysql\src\test\resources
2025-05-24 15:31:58,140 [Worker-18: Building] WARN  o.a.m.s.f.DefaultMavenResourcesFiltering - Using platform encoding (UTF-8 actually) to copy filtered resources, i.e. build is platform dependent!
2025-05-24 15:31:58,142 [Worker-18: Building] INFO  o.a.m.s.f.DefaultMavenResourcesFiltering - Copying 0 resource from src to target\classes
2025-05-24 15:31:58,145 [Worker-18: Building] WARN  o.a.m.s.f.DefaultMavenResourcesFiltering - Using platform encoding (UTF-8 actually) to copy filtered resources, i.e. build is platform dependent!
2025-05-24 15:31:58,146 [Worker-18: Building] INFO  o.a.m.s.f.DefaultMavenResourcesFiltering - skip non existing resourceDirectory D:\Code\Java_Uck\sv-BuiHaiDang\Tinchi_data_mysql\src\test\resources
2025-05-24 15:32:02,847 [Worker-22: Building] WARN  o.a.m.s.f.DefaultMavenResourcesFiltering - Using platform encoding (UTF-8 actually) to copy filtered resources, i.e. build is platform dependent!
2025-05-24 15:32:02,850 [Worker-22: Building] INFO  o.a.m.s.f.DefaultMavenResourcesFiltering - Copying 0 resource from src to target\classes
2025-05-24 15:32:02,853 [Worker-22: Building] WARN  o.a.m.s.f.DefaultMavenResourcesFiltering - Using platform encoding (UTF-8 actually) to copy filtered resources, i.e. build is platform dependent!
2025-05-24 15:32:02,854 [Worker-22: Building] INFO  o.a.m.s.f.DefaultMavenResourcesFiltering - skip non existing resourceDirectory D:\Code\Java_Uck\sv-BuiHaiDang\Tinchi_data_mysql\src\test\resources
2025-05-24 15:32:03,883 [Worker-24: Building] WARN  o.a.m.s.f.DefaultMavenResourcesFiltering - Using platform encoding (UTF-8 actually) to copy filtered resources, i.e. build is platform dependent!
2025-05-24 15:32:03,886 [Worker-24: Building] INFO  o.a.m.s.f.DefaultMavenResourcesFiltering - Copying 0 resource from src to target\classes
2025-05-24 15:32:03,893 [Worker-24: Building] WARN  o.a.m.s.f.DefaultMavenResourcesFiltering - Using platform encoding (UTF-8 actually) to copy filtered resources, i.e. build is platform dependent!
2025-05-24 15:32:03,894 [Worker-24: Building] INFO  o.a.m.s.f.DefaultMavenResourcesFiltering - skip non existing resourceDirectory D:\Code\Java_Uck\sv-BuiHaiDang\Tinchi_data_mysql\src\test\resources
2025-05-24 15:32:05,309 [Worker-22: Building] WARN  o.a.m.s.f.DefaultMavenResourcesFiltering - Using platform encoding (UTF-8 actually) to copy filtered resources, i.e. build is platform dependent!
2025-05-24 15:32:05,312 [Worker-22: Building] INFO  o.a.m.s.f.DefaultMavenResourcesFiltering - Copying 0 resource from src to target\classes
2025-05-24 15:32:05,316 [Worker-22: Building] WARN  o.a.m.s.f.DefaultMavenResourcesFiltering - Using platform encoding (UTF-8 actually) to copy filtered resources, i.e. build is platform dependent!
2025-05-24 15:32:05,318 [Worker-22: Building] INFO  o.a.m.s.f.DefaultMavenResourcesFiltering - skip non existing resourceDirectory D:\Code\Java_Uck\sv-BuiHaiDang\Tinchi_data_mysql\src\test\resources
2025-05-24 15:32:07,489 [Worker-26: Building] WARN  o.a.m.s.f.DefaultMavenResourcesFiltering - Using platform encoding (UTF-8 actually) to copy filtered resources, i.e. build is platform dependent!
2025-05-24 15:32:07,490 [Worker-26: Building] INFO  o.a.m.s.f.DefaultMavenResourcesFiltering - Copying 0 resource from src to target\classes
2025-05-24 15:32:07,494 [Worker-26: Building] WARN  o.a.m.s.f.DefaultMavenResourcesFiltering - Using platform encoding (UTF-8 actually) to copy filtered resources, i.e. build is platform dependent!
2025-05-24 15:32:07,496 [Worker-26: Building] INFO  o.a.m.s.f.DefaultMavenResourcesFiltering - skip non existing resourceDirectory D:\Code\Java_Uck\sv-BuiHaiDang\Tinchi_data_mysql\src\test\resources
2025-05-24 15:52:28,509 [Worker-44: Building] WARN  o.a.m.s.f.DefaultMavenResourcesFiltering - Using platform encoding (UTF-8 actually) to copy filtered resources, i.e. build is platform dependent!
2025-05-24 15:52:28,518 [Worker-44: Building] INFO  o.a.m.s.f.DefaultMavenResourcesFiltering - Copying 2 resources from src to target\classes
2025-05-24 15:52:28,535 [Worker-44: Building] WARN  o.a.m.s.f.DefaultMavenResourcesFiltering - Using platform encoding (UTF-8 actually) to copy filtered resources, i.e. build is platform dependent!
2025-05-24 15:52:28,536 [Worker-44: Building] INFO  o.a.m.s.f.DefaultMavenResourcesFiltering - skip non existing resourceDirectory D:\Code\Java_Uck\sv-BuiHaiDang\Tinchi_data_mysql\src\test\resources
2025-05-24 15:52:55,940 [Worker-34: Building] WARN  o.a.m.s.f.DefaultMavenResourcesFiltering - Using platform encoding (UTF-8 actually) to copy filtered resources, i.e. build is platform dependent!
2025-05-24 15:52:55,943 [Worker-34: Building] INFO  o.a.m.s.f.DefaultMavenResourcesFiltering - Copying 0 resource from src to target\classes
2025-05-24 15:52:55,951 [Worker-34: Building] WARN  o.a.m.s.f.DefaultMavenResourcesFiltering - Using platform encoding (UTF-8 actually) to copy filtered resources, i.e. build is platform dependent!
2025-05-24 15:52:55,952 [Worker-34: Building] INFO  o.a.m.s.f.DefaultMavenResourcesFiltering - skip non existing resourceDirectory D:\Code\Java_Uck\sv-BuiHaiDang\Tinchi_data_mysql\src\test\resources
2025-05-24 15:54:54,407 [Worker-44: Building] INFO  o.e.m.c.i.l.LifecycleMappingFactory - Using org.eclipse.m2e.jdt.JarLifecycleMapping lifecycle mapping for MavenProject: Tinchi_data_mysql:Tinchi_data_mysql:0.0.1-SNAPSHOT @ D:\Code\Java_Uck\sv-BuiHaiDang\Tinchi_data_mysql\pom.xml.
2025-05-24 15:54:54,743 [Worker-44: Building] INFO  o.e.m.c.i.e.AbstractTransferListenerAdapter - Downloading https://repo.maven.apache.org/maven2/org/openjfx/javafx-controls/20/javafx-controls-20.pom
2025-05-24 15:54:54,753 [Worker-44: Building] INFO  o.e.m.c.i.e.AbstractTransferListenerAdapter - Downloaded https://repo.maven.apache.org/maven2/org/openjfx/javafx-controls/20/javafx-controls-20.pom
2025-05-24 15:54:54,805 [Worker-44: Building] INFO  o.e.m.c.i.e.AbstractTransferListenerAdapter - Downloading https://repo.maven.apache.org/maven2/org/openjfx/javafx/20/javafx-20.pom
2025-05-24 15:54:54,850 [Worker-44: Building] INFO  o.e.m.c.i.e.AbstractTransferListenerAdapter - Downloaded https://repo.maven.apache.org/maven2/org/openjfx/javafx/20/javafx-20.pom
2025-05-24 15:54:54,888 [Worker-44: Building] WARN  o.a.m.r.i.DefaultArtifactDescriptorReader - 6 problems were encountered while building the effective model for org.openjfx:javafx-controls:jar:20 during dependency collection step for project (use -X to see details)
2025-05-24 15:54:54,941 [Worker-44: Building] INFO  o.e.m.c.i.e.AbstractTransferListenerAdapter - Downloading https://repo.maven.apache.org/maven2/org/openjfx/javafx-graphics/20/javafx-graphics-20.pom
2025-05-24 15:54:54,948 [Worker-44: Building] INFO  o.e.m.c.i.e.AbstractTransferListenerAdapter - Downloaded https://repo.maven.apache.org/maven2/org/openjfx/javafx-graphics/20/javafx-graphics-20.pom
2025-05-24 15:54:55,006 [Worker-44: Building] INFO  o.e.m.c.i.e.AbstractTransferListenerAdapter - Downloading https://repo.maven.apache.org/maven2/org/openjfx/javafx-base/20/javafx-base-20.pom
2025-05-24 15:54:55,015 [Worker-44: Building] INFO  o.e.m.c.i.e.AbstractTransferListenerAdapter - Downloaded https://repo.maven.apache.org/maven2/org/openjfx/javafx-base/20/javafx-base-20.pom
2025-05-24 15:54:55,080 [Worker-44: Building] INFO  o.e.m.c.i.e.AbstractTransferListenerAdapter - Downloading https://repo.maven.apache.org/maven2/org/openjfx/javafx-fxml/20/javafx-fxml-20.pom
2025-05-24 15:54:55,086 [Worker-44: Building] INFO  o.e.m.c.i.e.AbstractTransferListenerAdapter - Downloaded https://repo.maven.apache.org/maven2/org/openjfx/javafx-fxml/20/javafx-fxml-20.pom
2025-05-24 15:54:55,165 [Worker-44: Building] INFO  o.e.m.c.i.e.AbstractTransferListenerAdapter - Downloading https://repo.maven.apache.org/maven2/org/openjfx/javafx-controls/20/javafx-controls-20.jar
2025-05-24 15:54:55,171 [Worker-44: Building] INFO  o.e.m.c.i.e.AbstractTransferListenerAdapter - Downloaded https://repo.maven.apache.org/maven2/org/openjfx/javafx-controls/20/javafx-controls-20.jar
2025-05-24 15:54:55,219 [BasicRepositoryConnector-repo.maven.apache.org-0-1] INFO  o.e.m.c.i.e.AbstractTransferListenerAdapter - Downloading https://repo.maven.apache.org/maven2/org/openjfx/javafx-graphics/20/javafx-graphics-20.jar
2025-05-24 15:54:55,226 [BasicRepositoryConnector-repo.maven.apache.org-0-1] INFO  o.e.m.c.i.e.AbstractTransferListenerAdapter - Downloaded https://repo.maven.apache.org/maven2/org/openjfx/javafx-graphics/20/javafx-graphics-20.jar
2025-05-24 15:54:55,274 [BasicRepositoryConnector-repo.maven.apache.org-0-1] INFO  o.e.m.c.i.e.AbstractTransferListenerAdapter - Downloading https://repo.maven.apache.org/maven2/org/openjfx/javafx-fxml/20/javafx-fxml-20.jar
2025-05-24 15:54:55,281 [BasicRepositoryConnector-repo.maven.apache.org-0-1] INFO  o.e.m.c.i.e.AbstractTransferListenerAdapter - Downloaded https://repo.maven.apache.org/maven2/org/openjfx/javafx-fxml/20/javafx-fxml-20.jar
2025-05-24 15:54:55,318 [BasicRepositoryConnector-repo.maven.apache.org-0-2] INFO  o.e.m.c.i.e.AbstractTransferListenerAdapter - Downloading https://repo.maven.apache.org/maven2/org/openjfx/javafx-graphics/20/javafx-graphics-20-win.jar
2025-05-24 15:54:55,320 [BasicRepositoryConnector-repo.maven.apache.org-0-4] INFO  o.e.m.c.i.e.AbstractTransferListenerAdapter - Downloading https://repo.maven.apache.org/maven2/org/openjfx/javafx-base/20/javafx-base-20-win.jar
2025-05-24 15:54:55,322 [BasicRepositoryConnector-repo.maven.apache.org-0-0] INFO  o.e.m.c.i.e.AbstractTransferListenerAdapter - Downloading https://repo.maven.apache.org/maven2/org/openjfx/javafx-controls/20/javafx-controls-20-win.jar
2025-05-24 15:54:55,325 [BasicRepositoryConnector-repo.maven.apache.org-0-3] INFO  o.e.m.c.i.e.AbstractTransferListenerAdapter - Downloading https://repo.maven.apache.org/maven2/org/openjfx/javafx-base/20/javafx-base-20.jar
2025-05-24 15:54:55,331 [BasicRepositoryConnector-repo.maven.apache.org-0-1] INFO  o.e.m.c.i.e.AbstractTransferListenerAdapter - Downloading https://repo.maven.apache.org/maven2/org/openjfx/javafx-fxml/20/javafx-fxml-20-win.jar
2025-05-24 15:54:55,333 [BasicRepositoryConnector-repo.maven.apache.org-0-3] INFO  o.e.m.c.i.e.AbstractTransferListenerAdapter - Downloaded https://repo.maven.apache.org/maven2/org/openjfx/javafx-base/20/javafx-base-20.jar
2025-05-24 15:54:55,460 [BasicRepositoryConnector-repo.maven.apache.org-0-1] INFO  o.e.m.c.i.e.AbstractTransferListenerAdapter - Downloaded https://repo.maven.apache.org/maven2/org/openjfx/javafx-fxml/20/javafx-fxml-20-win.jar
2025-05-24 15:54:56,134 [BasicRepositoryConnector-repo.maven.apache.org-0-4] INFO  o.e.m.c.i.e.AbstractTransferListenerAdapter - Downloaded https://repo.maven.apache.org/maven2/org/openjfx/javafx-base/20/javafx-base-20-win.jar
2025-05-24 15:54:56,275 [BasicRepositoryConnector-repo.maven.apache.org-0-0] INFO  o.e.m.c.i.e.AbstractTransferListenerAdapter - Downloaded https://repo.maven.apache.org/maven2/org/openjfx/javafx-controls/20/javafx-controls-20-win.jar
2025-05-24 15:54:56,675 [BasicRepositoryConnector-repo.maven.apache.org-0-2] INFO  o.e.m.c.i.e.AbstractTransferListenerAdapter - Downloaded https://repo.maven.apache.org/maven2/org/openjfx/javafx-graphics/20/javafx-graphics-20-win.jar
2025-05-24 15:54:56,839 [Worker-44: Building] WARN  o.a.m.s.f.DefaultMavenResourcesFiltering - Using platform encoding (UTF-8 actually) to copy filtered resources, i.e. build is platform dependent!
2025-05-24 15:54:56,840 [Worker-44: Building] INFO  o.a.m.s.f.DefaultMavenResourcesFiltering - Copying 0 resource from src to target\classes
2025-05-24 15:54:56,842 [Worker-44: Building] WARN  o.a.m.s.f.DefaultMavenResourcesFiltering - Using platform encoding (UTF-8 actually) to copy filtered resources, i.e. build is platform dependent!
2025-05-24 15:54:56,844 [Worker-44: Building] INFO  o.a.m.s.f.DefaultMavenResourcesFiltering - skip non existing resourceDirectory D:\Code\Java_Uck\sv-BuiHaiDang\Tinchi_data_mysql\src\test\resources
2025-05-24 15:54:58,059 [Worker-43: Download sources and javadoc] INFO  o.e.m.c.i.e.AbstractTransferListenerAdapter - Downloading https://repo.maven.apache.org/maven2/org/openjfx/javafx-controls/20/javafx-controls-20-sources.jar
2025-05-24 15:54:58,474 [Worker-43: Download sources and javadoc] INFO  o.e.m.c.i.e.AbstractTransferListenerAdapter - Downloaded https://repo.maven.apache.org/maven2/org/openjfx/javafx-controls/20/javafx-controls-20-sources.jar
2025-05-24 15:54:58,479 [Worker-43: Download sources and javadoc] INFO  o.e.m.j.internal.DownloadSourcesJob - Downloaded sources for org.openjfx:javafx-controls:20
2025-05-24 15:54:58,485 [Worker-43: Download sources and javadoc] INFO  o.e.m.j.internal.DownloadSourcesJob - Downloaded sources for org.openjfx:javafx-controls:20win
2025-05-24 15:54:58,740 [Worker-43: Download sources and javadoc] INFO  o.e.m.c.i.e.AbstractTransferListenerAdapter - Downloading https://repo.maven.apache.org/maven2/org/openjfx/javafx-graphics/20/javafx-graphics-20-sources.jar
2025-05-24 15:55:00,739 [Worker-44: Building] INFO  o.e.m.c.i.l.LifecycleMappingFactory - Using org.eclipse.m2e.jdt.JarLifecycleMapping lifecycle mapping for MavenProject: Tinchi_data_mysql:Tinchi_data_mysql:0.0.1-SNAPSHOT @ D:\Code\Java_Uck\sv-BuiHaiDang\Tinchi_data_mysql\pom.xml.
2025-05-24 15:55:01,097 [Worker-44: Building] INFO  o.e.m.c.i.e.AbstractTransferListenerAdapter - Downloading https://repo.maven.apache.org/maven2/org/openjfx/javafx-controls/21/javafx-controls-21.pom
2025-05-24 15:55:01,103 [Worker-44: Building] INFO  o.e.m.c.i.e.AbstractTransferListenerAdapter - Downloaded https://repo.maven.apache.org/maven2/org/openjfx/javafx-controls/21/javafx-controls-21.pom
2025-05-24 15:55:01,166 [Worker-44: Building] INFO  o.e.m.c.i.e.AbstractTransferListenerAdapter - Downloading https://repo.maven.apache.org/maven2/org/openjfx/javafx/21/javafx-21.pom
2025-05-24 15:55:01,222 [Worker-44: Building] INFO  o.e.m.c.i.e.AbstractTransferListenerAdapter - Downloaded https://repo.maven.apache.org/maven2/org/openjfx/javafx/21/javafx-21.pom
2025-05-24 15:55:01,231 [Worker-44: Building] WARN  o.a.m.r.i.DefaultArtifactDescriptorReader - 6 problems were encountered while building the effective model for org.openjfx:javafx-controls:jar:21 during dependency collection step for project (use -X to see details)
2025-05-24 15:55:01,293 [Worker-44: Building] INFO  o.e.m.c.i.e.AbstractTransferListenerAdapter - Downloading https://repo.maven.apache.org/maven2/org/openjfx/javafx-graphics/21/javafx-graphics-21.pom
2025-05-24 15:55:01,530 [Worker-44: Building] INFO  o.e.m.c.i.e.AbstractTransferListenerAdapter - Downloaded https://repo.maven.apache.org/maven2/org/openjfx/javafx-graphics/21/javafx-graphics-21.pom
2025-05-24 15:55:01,586 [Worker-44: Building] INFO  o.e.m.c.i.e.AbstractTransferListenerAdapter - Downloading https://repo.maven.apache.org/maven2/org/openjfx/javafx-base/21/javafx-base-21.pom
2025-05-24 15:55:01,731 [Worker-44: Building] INFO  o.e.m.c.i.e.AbstractTransferListenerAdapter - Downloaded https://repo.maven.apache.org/maven2/org/openjfx/javafx-base/21/javafx-base-21.pom
2025-05-24 15:55:01,746 [Worker-44: Building] WARN  o.a.m.r.i.DefaultArtifactDescriptorReader - 6 problems were encountered while building the effective model for org.openjfx:javafx-fxml:jar:20 during dependency collection step for project (use -X to see details)
2025-05-24 15:55:02,276 [Worker-43: Download sources and javadoc] INFO  o.e.m.c.i.e.AbstractTransferListenerAdapter - Downloaded https://repo.maven.apache.org/maven2/org/openjfx/javafx-graphics/20/javafx-graphics-20-sources.jar
2025-05-24 15:55:02,282 [Worker-43: Download sources and javadoc] INFO  o.e.m.j.internal.DownloadSourcesJob - Downloaded sources for org.openjfx:javafx-graphics:20
2025-05-24 15:55:02,288 [Worker-43: Download sources and javadoc] INFO  o.e.m.j.internal.DownloadSourcesJob - Downloaded sources for org.openjfx:javafx-graphics:20win
2025-05-24 15:55:02,439 [Worker-43: Download sources and javadoc] INFO  o.e.m.c.i.e.AbstractTransferListenerAdapter - Downloading https://repo.maven.apache.org/maven2/org/openjfx/javafx-base/20/javafx-base-20-sources.jar
2025-05-24 15:55:02,692 [Worker-43: Download sources and javadoc] INFO  o.e.m.c.i.e.AbstractTransferListenerAdapter - Downloaded https://repo.maven.apache.org/maven2/org/openjfx/javafx-base/20/javafx-base-20-sources.jar
2025-05-24 15:55:02,697 [Worker-43: Download sources and javadoc] INFO  o.e.m.j.internal.DownloadSourcesJob - Downloaded sources for org.openjfx:javafx-base:20
2025-05-24 15:55:02,701 [Worker-43: Download sources and javadoc] INFO  o.e.m.j.internal.DownloadSourcesJob - Downloaded sources for org.openjfx:javafx-base:20win
2025-05-24 15:55:03,117 [Worker-43: Download sources and javadoc] INFO  o.e.m.c.i.e.AbstractTransferListenerAdapter - Downloading https://repo.maven.apache.org/maven2/org/openjfx/javafx-fxml/20/javafx-fxml-20-sources.jar
2025-05-24 15:55:03,249 [Worker-43: Download sources and javadoc] INFO  o.e.m.c.i.e.AbstractTransferListenerAdapter - Downloaded https://repo.maven.apache.org/maven2/org/openjfx/javafx-fxml/20/javafx-fxml-20-sources.jar
2025-05-24 15:55:03,255 [Worker-43: Download sources and javadoc] INFO  o.e.m.j.internal.DownloadSourcesJob - Downloaded sources for org.openjfx:javafx-fxml:20
2025-05-24 15:55:03,312 [Worker-44: Building] INFO  o.e.m.c.i.e.AbstractTransferListenerAdapter - Downloading https://repo.maven.apache.org/maven2/org/openjfx/javafx-controls/21/javafx-controls-21.jar
2025-05-24 15:55:03,319 [Worker-44: Building] INFO  o.e.m.c.i.e.AbstractTransferListenerAdapter - Downloaded https://repo.maven.apache.org/maven2/org/openjfx/javafx-controls/21/javafx-controls-21.jar
2025-05-24 15:55:03,386 [BasicRepositoryConnector-repo.maven.apache.org-1-2] INFO  o.e.m.c.i.e.AbstractTransferListenerAdapter - Downloading https://repo.maven.apache.org/maven2/org/openjfx/javafx-graphics/21/javafx-graphics-21-win.jar
2025-05-24 15:55:03,488 [BasicRepositoryConnector-repo.maven.apache.org-1-0] INFO  o.e.m.c.i.e.AbstractTransferListenerAdapter - Downloading https://repo.maven.apache.org/maven2/org/openjfx/javafx-controls/21/javafx-controls-21-win.jar
2025-05-24 15:55:03,496 [BasicRepositoryConnector-repo.maven.apache.org-1-1] INFO  o.e.m.c.i.e.AbstractTransferListenerAdapter - Downloading https://repo.maven.apache.org/maven2/org/openjfx/javafx-graphics/21/javafx-graphics-21.jar
2025-05-24 15:55:03,502 [BasicRepositoryConnector-repo.maven.apache.org-1-1] INFO  o.e.m.c.i.e.AbstractTransferListenerAdapter - Downloaded https://repo.maven.apache.org/maven2/org/openjfx/javafx-graphics/21/javafx-graphics-21.jar
2025-05-24 15:55:03,505 [BasicRepositoryConnector-repo.maven.apache.org-1-4] INFO  o.e.m.c.i.e.AbstractTransferListenerAdapter - Downloading https://repo.maven.apache.org/maven2/org/openjfx/javafx-base/21/javafx-base-21-win.jar
2025-05-24 15:55:03,515 [BasicRepositoryConnector-repo.maven.apache.org-1-3] INFO  o.e.m.c.i.e.AbstractTransferListenerAdapter - Downloading https://repo.maven.apache.org/maven2/org/openjfx/javafx-base/21/javafx-base-21.jar
2025-05-24 15:55:03,520 [BasicRepositoryConnector-repo.maven.apache.org-1-3] INFO  o.e.m.c.i.e.AbstractTransferListenerAdapter - Downloaded https://repo.maven.apache.org/maven2/org/openjfx/javafx-base/21/javafx-base-21.jar
2025-05-24 15:55:04,149 [BasicRepositoryConnector-repo.maven.apache.org-1-4] INFO  o.e.m.c.i.e.AbstractTransferListenerAdapter - Downloaded https://repo.maven.apache.org/maven2/org/openjfx/javafx-base/21/javafx-base-21-win.jar
2025-05-24 15:55:04,439 [BasicRepositoryConnector-repo.maven.apache.org-1-2] INFO  o.e.m.c.i.e.AbstractTransferListenerAdapter - Downloaded https://repo.maven.apache.org/maven2/org/openjfx/javafx-graphics/21/javafx-graphics-21-win.jar
2025-05-24 15:55:04,920 [BasicRepositoryConnector-repo.maven.apache.org-1-0] INFO  o.e.m.c.i.e.AbstractTransferListenerAdapter - Downloaded https://repo.maven.apache.org/maven2/org/openjfx/javafx-controls/21/javafx-controls-21-win.jar
2025-05-24 15:55:04,940 [Worker-43: Download sources and javadoc] INFO  o.e.m.j.internal.DownloadSourcesJob - Downloaded sources for org.openjfx:javafx-fxml:20win
2025-05-24 15:55:04,993 [Worker-44: Building] WARN  o.a.m.s.f.DefaultMavenResourcesFiltering - Using platform encoding (UTF-8 actually) to copy filtered resources, i.e. build is platform dependent!
2025-05-24 15:55:04,994 [Worker-44: Building] INFO  o.a.m.s.f.DefaultMavenResourcesFiltering - Copying 2 resources from src to target\classes
2025-05-24 15:55:04,999 [Worker-44: Building] WARN  o.a.m.s.f.DefaultMavenResourcesFiltering - Using platform encoding (UTF-8 actually) to copy filtered resources, i.e. build is platform dependent!
2025-05-24 15:55:05,000 [Worker-44: Building] INFO  o.a.m.s.f.DefaultMavenResourcesFiltering - skip non existing resourceDirectory D:\Code\Java_Uck\sv-BuiHaiDang\Tinchi_data_mysql\src\test\resources
2025-05-24 15:55:06,248 [Worker-46: Download sources and javadoc] INFO  o.e.m.c.i.e.AbstractTransferListenerAdapter - Downloading https://repo.maven.apache.org/maven2/org/openjfx/javafx-controls/21/javafx-controls-21-sources.jar
2025-05-24 15:55:07,501 [Worker-46: Download sources and javadoc] INFO  o.e.m.c.i.e.AbstractTransferListenerAdapter - Downloaded https://repo.maven.apache.org/maven2/org/openjfx/javafx-controls/21/javafx-controls-21-sources.jar
2025-05-24 15:55:07,507 [Worker-46: Download sources and javadoc] INFO  o.e.m.j.internal.DownloadSourcesJob - Downloaded sources for org.openjfx:javafx-controls:21
2025-05-24 15:55:07,514 [Worker-46: Download sources and javadoc] INFO  o.e.m.j.internal.DownloadSourcesJob - Downloaded sources for org.openjfx:javafx-controls:21win
2025-05-24 15:55:08,445 [Worker-47: Building] INFO  o.e.m.c.i.l.LifecycleMappingFactory - Using org.eclipse.m2e.jdt.JarLifecycleMapping lifecycle mapping for MavenProject: Tinchi_data_mysql:Tinchi_data_mysql:0.0.1-SNAPSHOT @ D:\Code\Java_Uck\sv-BuiHaiDang\Tinchi_data_mysql\pom.xml.
2025-05-24 15:55:08,475 [Worker-47: Building] WARN  o.a.m.r.i.DefaultArtifactDescriptorReader - 6 problems were encountered while building the effective model for org.openjfx:javafx-controls:jar:21 during dependency collection step for project (use -X to see details)
2025-05-24 15:55:08,476 [Worker-46: Download sources and javadoc] INFO  o.e.m.c.i.e.AbstractTransferListenerAdapter - Downloading https://repo.maven.apache.org/maven2/org/openjfx/javafx-graphics/21/javafx-graphics-21-sources.jar
2025-05-24 15:55:09,175 [Worker-46: Download sources and javadoc] INFO  o.e.m.c.i.e.AbstractTransferListenerAdapter - Downloaded https://repo.maven.apache.org/maven2/org/openjfx/javafx-graphics/21/javafx-graphics-21-sources.jar
2025-05-24 15:55:09,179 [Worker-46: Download sources and javadoc] INFO  o.e.m.j.internal.DownloadSourcesJob - Downloaded sources for org.openjfx:javafx-graphics:21
2025-05-24 15:55:09,184 [Worker-46: Download sources and javadoc] INFO  o.e.m.j.internal.DownloadSourcesJob - Downloaded sources for org.openjfx:javafx-graphics:21win
2025-05-24 15:55:09,334 [Worker-46: Download sources and javadoc] INFO  o.e.m.c.i.e.AbstractTransferListenerAdapter - Downloading https://repo.maven.apache.org/maven2/org/openjfx/javafx-base/21/javafx-base-21-sources.jar
2025-05-24 15:55:09,594 [Worker-46: Download sources and javadoc] INFO  o.e.m.c.i.e.AbstractTransferListenerAdapter - Downloaded https://repo.maven.apache.org/maven2/org/openjfx/javafx-base/21/javafx-base-21-sources.jar
2025-05-24 15:55:09,599 [Worker-46: Download sources and javadoc] INFO  o.e.m.j.internal.DownloadSourcesJob - Downloaded sources for org.openjfx:javafx-base:21
2025-05-24 15:55:09,603 [Worker-46: Download sources and javadoc] INFO  o.e.m.j.internal.DownloadSourcesJob - Downloaded sources for org.openjfx:javafx-base:21win
2025-05-24 15:55:09,609 [Worker-47: Building] WARN  o.a.m.r.i.DefaultArtifactDescriptorReader - 6 problems were encountered while building the effective model for org.openjfx:javafx-fxml:jar:20 during dependency collection step for project (use -X to see details)
2025-05-24 15:55:09,681 [Worker-47: Building] WARN  o.a.m.s.f.DefaultMavenResourcesFiltering - Using platform encoding (UTF-8 actually) to copy filtered resources, i.e. build is platform dependent!
2025-05-24 15:55:09,682 [Worker-47: Building] INFO  o.a.m.s.f.DefaultMavenResourcesFiltering - Copying 2 resources from src to target\classes
2025-05-24 15:55:09,686 [Worker-47: Building] WARN  o.a.m.s.f.DefaultMavenResourcesFiltering - Using platform encoding (UTF-8 actually) to copy filtered resources, i.e. build is platform dependent!
2025-05-24 15:55:09,687 [Worker-47: Building] INFO  o.a.m.s.f.DefaultMavenResourcesFiltering - skip non existing resourceDirectory D:\Code\Java_Uck\sv-BuiHaiDang\Tinchi_data_mysql\src\test\resources
2025-05-24 15:55:10,894 [Worker-49: Building] INFO  o.e.m.c.i.l.LifecycleMappingFactory - Using org.eclipse.m2e.jdt.JarLifecycleMapping lifecycle mapping for MavenProject: Tinchi_data_mysql:Tinchi_data_mysql:0.0.1-SNAPSHOT @ D:\Code\Java_Uck\sv-BuiHaiDang\Tinchi_data_mysql\pom.xml.
2025-05-24 15:55:10,912 [Worker-49: Building] WARN  o.a.m.r.i.DefaultArtifactDescriptorReader - 6 problems were encountered while building the effective model for org.openjfx:javafx-controls:jar:21 during dependency collection step for project (use -X to see details)
2025-05-24 15:55:10,935 [Worker-49: Building] WARN  o.a.m.r.i.DefaultArtifactDescriptorReader - 6 problems were encountered while building the effective model for org.openjfx:javafx-fxml:jar:20 during dependency collection step for project (use -X to see details)
2025-05-24 15:55:11,005 [Worker-49: Building] WARN  o.a.m.s.f.DefaultMavenResourcesFiltering - Using platform encoding (UTF-8 actually) to copy filtered resources, i.e. build is platform dependent!
2025-05-24 15:55:11,006 [Worker-49: Building] INFO  o.a.m.s.f.DefaultMavenResourcesFiltering - Copying 0 resource from src to target\classes
2025-05-24 15:55:11,008 [Worker-49: Building] WARN  o.a.m.s.f.DefaultMavenResourcesFiltering - Using platform encoding (UTF-8 actually) to copy filtered resources, i.e. build is platform dependent!
2025-05-24 15:55:11,009 [Worker-49: Building] INFO  o.a.m.s.f.DefaultMavenResourcesFiltering - skip non existing resourceDirectory D:\Code\Java_Uck\sv-BuiHaiDang\Tinchi_data_mysql\src\test\resources
2025-05-24 15:55:46,923 [Worker-47: Building] WARN  o.a.m.s.f.DefaultMavenResourcesFiltering - Using platform encoding (UTF-8 actually) to copy filtered resources, i.e. build is platform dependent!
2025-05-24 15:55:46,923 [Worker-47: Building] INFO  o.a.m.s.f.DefaultMavenResourcesFiltering - Copying 2 resources from src to target\classes
2025-05-24 15:55:46,926 [Worker-47: Building] WARN  o.a.m.s.f.DefaultMavenResourcesFiltering - Using platform encoding (UTF-8 actually) to copy filtered resources, i.e. build is platform dependent!
2025-05-24 15:55:46,927 [Worker-47: Building] INFO  o.a.m.s.f.DefaultMavenResourcesFiltering - skip non existing resourceDirectory D:\Code\Java_Uck\sv-BuiHaiDang\Tinchi_data_mysql\src\test\resources
2025-05-24 15:55:54,356 [Worker-45: Building] WARN  o.a.m.s.f.DefaultMavenResourcesFiltering - Using platform encoding (UTF-8 actually) to copy filtered resources, i.e. build is platform dependent!
2025-05-24 15:55:54,357 [Worker-45: Building] INFO  o.a.m.s.f.DefaultMavenResourcesFiltering - Copying 2 resources from src to target\classes
2025-05-24 15:55:54,360 [Worker-45: Building] WARN  o.a.m.s.f.DefaultMavenResourcesFiltering - Using platform encoding (UTF-8 actually) to copy filtered resources, i.e. build is platform dependent!
2025-05-24 15:55:54,361 [Worker-45: Building] INFO  o.a.m.s.f.DefaultMavenResourcesFiltering - skip non existing resourceDirectory D:\Code\Java_Uck\sv-BuiHaiDang\Tinchi_data_mysql\src\test\resources
2025-05-24 15:58:10,755 [Worker-44: Building] WARN  o.a.m.s.f.DefaultMavenResourcesFiltering - Using platform encoding (UTF-8 actually) to copy filtered resources, i.e. build is platform dependent!
2025-05-24 15:58:10,756 [Worker-44: Building] INFO  o.a.m.s.f.DefaultMavenResourcesFiltering - Copying 2 resources from src to target\classes
2025-05-24 15:58:10,805 [Worker-44: Building] WARN  o.a.m.s.f.DefaultMavenResourcesFiltering - Using platform encoding (UTF-8 actually) to copy filtered resources, i.e. build is platform dependent!
2025-05-24 15:58:10,806 [Worker-44: Building] INFO  o.a.m.s.f.DefaultMavenResourcesFiltering - skip non existing resourceDirectory D:\Code\Java_Uck\sv-BuiHaiDang\Tinchi_data_mysql\src\test\resources
2025-05-24 15:58:24,808 [Worker-51: Building] WARN  o.a.m.s.f.DefaultMavenResourcesFiltering - Using platform encoding (UTF-8 actually) to copy filtered resources, i.e. build is platform dependent!
2025-05-24 15:58:24,809 [Worker-51: Building] INFO  o.a.m.s.f.DefaultMavenResourcesFiltering - Copying 2 resources from src to target\classes
2025-05-24 15:58:24,814 [Worker-51: Building] WARN  o.a.m.s.f.DefaultMavenResourcesFiltering - Using platform encoding (UTF-8 actually) to copy filtered resources, i.e. build is platform dependent!
2025-05-24 15:58:24,815 [Worker-51: Building] INFO  o.a.m.s.f.DefaultMavenResourcesFiltering - skip non existing resourceDirectory D:\Code\Java_Uck\sv-BuiHaiDang\Tinchi_data_mysql\src\test\resources
2025-05-24 15:58:31,236 [Worker-44: Building] WARN  o.a.m.s.f.DefaultMavenResourcesFiltering - Using platform encoding (UTF-8 actually) to copy filtered resources, i.e. build is platform dependent!
2025-05-24 15:58:31,237 [Worker-44: Building] INFO  o.a.m.s.f.DefaultMavenResourcesFiltering - Copying 2 resources from src to target\classes
2025-05-24 15:58:31,240 [Worker-44: Building] WARN  o.a.m.s.f.DefaultMavenResourcesFiltering - Using platform encoding (UTF-8 actually) to copy filtered resources, i.e. build is platform dependent!
2025-05-24 15:58:31,242 [Worker-44: Building] INFO  o.a.m.s.f.DefaultMavenResourcesFiltering - skip non existing resourceDirectory D:\Code\Java_Uck\sv-BuiHaiDang\Tinchi_data_mysql\src\test\resources
2025-05-24 15:58:35,755 [Worker-48: Building] WARN  o.a.m.s.f.DefaultMavenResourcesFiltering - Using platform encoding (UTF-8 actually) to copy filtered resources, i.e. build is platform dependent!
2025-05-24 15:58:35,757 [Worker-48: Building] INFO  o.a.m.s.f.DefaultMavenResourcesFiltering - Copying 2 resources from src to target\classes
2025-05-24 15:58:35,760 [Worker-48: Building] WARN  o.a.m.s.f.DefaultMavenResourcesFiltering - Using platform encoding (UTF-8 actually) to copy filtered resources, i.e. build is platform dependent!
2025-05-24 15:58:35,762 [Worker-48: Building] INFO  o.a.m.s.f.DefaultMavenResourcesFiltering - skip non existing resourceDirectory D:\Code\Java_Uck\sv-BuiHaiDang\Tinchi_data_mysql\src\test\resources
2025-05-24 15:58:43,640 [Worker-48: Building] WARN  o.a.m.s.f.DefaultMavenResourcesFiltering - Using platform encoding (UTF-8 actually) to copy filtered resources, i.e. build is platform dependent!
2025-05-24 15:58:43,641 [Worker-48: Building] INFO  o.a.m.s.f.DefaultMavenResourcesFiltering - Copying 2 resources from src to target\classes
2025-05-24 15:58:43,649 [Worker-48: Building] WARN  o.a.m.s.f.DefaultMavenResourcesFiltering - Using platform encoding (UTF-8 actually) to copy filtered resources, i.e. build is platform dependent!
2025-05-24 15:58:43,650 [Worker-48: Building] INFO  o.a.m.s.f.DefaultMavenResourcesFiltering - skip non existing resourceDirectory D:\Code\Java_Uck\sv-BuiHaiDang\Tinchi_data_mysql\src\test\resources
2025-05-24 16:00:27,437 [Worker-52: Building] INFO  o.e.m.c.i.l.LifecycleMappingFactory - Using org.eclipse.m2e.jdt.JarLifecycleMapping lifecycle mapping for MavenProject: Tinchi_data_mysql:Tinchi_data_mysql:0.0.1-SNAPSHOT @ D:\Code\Java_Uck\sv-BuiHaiDang\Tinchi_data_mysql\pom.xml.
2025-05-24 16:00:27,457 [Worker-52: Building] WARN  o.a.m.r.i.DefaultArtifactDescriptorReader - 6 problems were encountered while building the effective model for org.openjfx:javafx-controls:jar:21 during dependency collection step for project (use -X to see details)
2025-05-24 16:00:27,477 [Worker-52: Building] WARN  o.a.m.r.i.DefaultArtifactDescriptorReader - 6 problems were encountered while building the effective model for org.openjfx:javafx-fxml:jar:20 during dependency collection step for project (use -X to see details)
2025-05-24 16:00:27,579 [Worker-52: Building] WARN  o.a.m.s.f.DefaultMavenResourcesFiltering - Using platform encoding (UTF-8 actually) to copy filtered resources, i.e. build is platform dependent!
2025-05-24 16:00:27,580 [Worker-52: Building] INFO  o.a.m.s.f.DefaultMavenResourcesFiltering - Copying 0 resource from src to target\classes
2025-05-24 16:00:27,582 [Worker-52: Building] WARN  o.a.m.s.f.DefaultMavenResourcesFiltering - Using platform encoding (UTF-8 actually) to copy filtered resources, i.e. build is platform dependent!
2025-05-24 16:00:27,583 [Worker-52: Building] INFO  o.a.m.s.f.DefaultMavenResourcesFiltering - skip non existing resourceDirectory D:\Code\Java_Uck\sv-BuiHaiDang\Tinchi_data_mysql\src\test\resources
2025-05-24 16:00:28,727 [Worker-54: Building] INFO  o.e.m.c.i.l.LifecycleMappingFactory - Using org.eclipse.m2e.jdt.JarLifecycleMapping lifecycle mapping for MavenProject: Tinchi_data_mysql:Tinchi_data_mysql:0.0.1-SNAPSHOT @ D:\Code\Java_Uck\sv-BuiHaiDang\Tinchi_data_mysql\pom.xml.
2025-05-24 16:00:28,745 [Worker-54: Building] WARN  o.a.m.r.i.DefaultArtifactDescriptorReader - 6 problems were encountered while building the effective model for org.openjfx:javafx-controls:jar:21 during dependency collection step for project (use -X to see details)
2025-05-24 16:00:28,768 [Worker-54: Building] WARN  o.a.m.r.i.DefaultArtifactDescriptorReader - 6 problems were encountered while building the effective model for org.openjfx:javafx-fxml:jar:20 during dependency collection step for project (use -X to see details)
2025-05-24 16:00:28,836 [Worker-54: Building] WARN  o.a.m.s.f.DefaultMavenResourcesFiltering - Using platform encoding (UTF-8 actually) to copy filtered resources, i.e. build is platform dependent!
2025-05-24 16:00:28,838 [Worker-54: Building] INFO  o.a.m.s.f.DefaultMavenResourcesFiltering - Copying 0 resource from src to target\classes
2025-05-24 16:00:28,840 [Worker-54: Building] WARN  o.a.m.s.f.DefaultMavenResourcesFiltering - Using platform encoding (UTF-8 actually) to copy filtered resources, i.e. build is platform dependent!
2025-05-24 16:00:28,841 [Worker-54: Building] INFO  o.a.m.s.f.DefaultMavenResourcesFiltering - skip non existing resourceDirectory D:\Code\Java_Uck\sv-BuiHaiDang\Tinchi_data_mysql\src\test\resources
2025-05-24 16:01:28,965 [Worker-52: Updating Maven Project] INFO  o.e.m.c.i.p.ProjectConfigurationManager - Update started
2025-05-24 16:01:29,021 [Worker-52: Updating Maven Project] INFO  o.e.m.c.i.l.LifecycleMappingFactory - Using org.eclipse.m2e.jdt.JarLifecycleMapping lifecycle mapping for MavenProject: Tinchi_data_mysql:Tinchi_data_mysql:0.0.1-SNAPSHOT @ D:\Code\Java_Uck\sv-BuiHaiDang\Tinchi_data_mysql\pom.xml.
2025-05-24 16:01:29,038 [Worker-52: Updating Maven Project] WARN  o.a.m.r.i.DefaultArtifactDescriptorReader - 6 problems were encountered while building the effective model for org.openjfx:javafx-controls:jar:21 during dependency collection step for project (use -X to see details)
2025-05-24 16:01:29,057 [Worker-52: Updating Maven Project] WARN  o.a.m.r.i.DefaultArtifactDescriptorReader - 6 problems were encountered while building the effective model for org.openjfx:javafx-fxml:jar:20 during dependency collection step for project (use -X to see details)
2025-05-24 16:01:29,196 [Worker-52: Updating Maven Project] INFO  o.e.m.j.i.AbstractJavaProjectConfigurator - Adding source folder /Tinchi_data_mysql/src
2025-05-24 16:01:29,197 [Worker-52: Updating Maven Project] INFO  o.e.m.j.i.AbstractJavaProjectConfigurator - Resources folder /Tinchi_data_mysql/src overlaps with sources folder /Tinchi_data_mysql/src
2025-05-24 16:01:29,197 [Worker-52: Updating Maven Project] INFO  o.e.m.j.i.AbstractJavaProjectConfigurator - Not adding source folder /Tinchi_data_mysql/src/test/java because it overlaps with /Tinchi_data_mysql/src
2025-05-24 16:01:29,197 [Worker-52: Updating Maven Project] INFO  o.e.m.j.i.AbstractJavaProjectConfigurator - Resources folder /Tinchi_data_mysql/src/test/resources overlaps with sources folder /Tinchi_data_mysql/src
2025-05-24 16:01:29,482 [Worker-52: Updating Maven Project] INFO  o.e.m.c.i.p.ProjectConfigurationManager - Update completed for 1 poms: local refresh takes 0.00 sec, refresh facades takes 0.00 sec, update config takes 0.00 sec 
2025-05-24 16:01:30,557 [Worker-56: Building] WARN  o.a.m.s.f.DefaultMavenResourcesFiltering - Using platform encoding (UTF-8 actually) to copy filtered resources, i.e. build is platform dependent!
2025-05-24 16:01:30,559 [Worker-56: Building] INFO  o.a.m.s.f.DefaultMavenResourcesFiltering - Copying 2 resources from src to target\classes
2025-05-24 16:01:30,571 [Worker-56: Building] WARN  o.a.m.s.f.DefaultMavenResourcesFiltering - Using platform encoding (UTF-8 actually) to copy filtered resources, i.e. build is platform dependent!
2025-05-24 16:01:30,571 [Worker-56: Building] INFO  o.a.m.s.f.DefaultMavenResourcesFiltering - skip non existing resourceDirectory D:\Code\Java_Uck\sv-BuiHaiDang\Tinchi_data_mysql\src\test\resources
2025-05-24 16:01:45,695 [main] INFO  o.e.m2e.actions.ExecutePomAction - Creating new launch configuration
2025-05-24 16:01:49,026 [Worker-52: Launching Tinchi_data_mysql] INFO  o.eclipse.m2e.core.internal.Bundles - getClasspathEntries(Bundle=org.eclipse.m2e.maven.runtime_3.9.900.20250220-2013 [296])
2025-05-24 16:01:49,031 [Worker-52: Launching Tinchi_data_mysql] INFO  o.eclipse.m2e.core.internal.Bundles - 	Entry: C:\Users\DELL\.p2\pool\plugins\org.eclipse.m2e.maven.runtime_3.9.900.20250220-2013
2025-05-24 16:01:49,032 [Worker-52: Launching Tinchi_data_mysql] INFO  o.eclipse.m2e.core.internal.Bundles - 	Entry: C:\Users\DELL\.p2\pool\plugins\org.eclipse.m2e.maven.runtime_3.9.900.20250220-2013\jars\aopalliance-1.0.jar
2025-05-24 16:01:49,033 [Worker-52: Launching Tinchi_data_mysql] INFO  o.eclipse.m2e.core.internal.Bundles - 	Entry: C:\Users\DELL\.p2\pool\plugins\org.eclipse.m2e.maven.runtime_3.9.900.20250220-2013\jars\guice-5.1.0.jar
2025-05-24 16:01:49,033 [Worker-52: Launching Tinchi_data_mysql] INFO  o.eclipse.m2e.core.internal.Bundles - 	Entry: C:\Users\DELL\.p2\pool\plugins\org.eclipse.m2e.maven.runtime_3.9.900.20250220-2013\jars\httpclient-4.5.14.jar
2025-05-24 16:01:49,033 [Worker-52: Launching Tinchi_data_mysql] INFO  o.eclipse.m2e.core.internal.Bundles - 	Entry: C:\Users\DELL\.p2\pool\plugins\org.eclipse.m2e.maven.runtime_3.9.900.20250220-2013\jars\httpcore-4.4.16.jar
2025-05-24 16:01:49,033 [Worker-52: Launching Tinchi_data_mysql] INFO  o.eclipse.m2e.core.internal.Bundles - 	Entry: C:\Users\DELL\.p2\pool\plugins\org.eclipse.m2e.maven.runtime_3.9.900.20250220-2013\jars\jansi-2.4.1.jar
2025-05-24 16:01:49,033 [Worker-52: Launching Tinchi_data_mysql] INFO  o.eclipse.m2e.core.internal.Bundles - 	Entry: C:\Users\DELL\.p2\pool\plugins\org.eclipse.m2e.maven.runtime_3.9.900.20250220-2013\jars\jcl-over-slf4j-1.7.36.jar
2025-05-24 16:01:49,033 [Worker-52: Launching Tinchi_data_mysql] INFO  o.eclipse.m2e.core.internal.Bundles - 	Entry: C:\Users\DELL\.p2\pool\plugins\org.eclipse.m2e.maven.runtime_3.9.900.20250220-2013\jars\maven-artifact-3.9.9.jar
2025-05-24 16:01:49,033 [Worker-52: Launching Tinchi_data_mysql] INFO  o.eclipse.m2e.core.internal.Bundles - 	Entry: C:\Users\DELL\.p2\pool\plugins\org.eclipse.m2e.maven.runtime_3.9.900.20250220-2013\jars\maven-builder-support-3.9.9.jar
2025-05-24 16:01:49,033 [Worker-52: Launching Tinchi_data_mysql] INFO  o.eclipse.m2e.core.internal.Bundles - 	Entry: C:\Users\DELL\.p2\pool\plugins\org.eclipse.m2e.maven.runtime_3.9.900.20250220-2013\jars\maven-compat-3.9.9.jar
2025-05-24 16:01:49,034 [Worker-52: Launching Tinchi_data_mysql] INFO  o.eclipse.m2e.core.internal.Bundles - 	Entry: C:\Users\DELL\.p2\pool\plugins\org.eclipse.m2e.maven.runtime_3.9.900.20250220-2013\jars\maven-core-3.9.9.jar
2025-05-24 16:01:49,034 [Worker-52: Launching Tinchi_data_mysql] INFO  o.eclipse.m2e.core.internal.Bundles - 	Entry: C:\Users\DELL\.p2\pool\plugins\org.eclipse.m2e.maven.runtime_3.9.900.20250220-2013\jars\maven-embedder-3.9.9.jar
2025-05-24 16:01:49,034 [Worker-52: Launching Tinchi_data_mysql] INFO  o.eclipse.m2e.core.internal.Bundles - 	Entry: C:\Users\DELL\.p2\pool\plugins\org.eclipse.m2e.maven.runtime_3.9.900.20250220-2013\jars\maven-model-3.9.9.jar
2025-05-24 16:01:49,034 [Worker-52: Launching Tinchi_data_mysql] INFO  o.eclipse.m2e.core.internal.Bundles - 	Entry: C:\Users\DELL\.p2\pool\plugins\org.eclipse.m2e.maven.runtime_3.9.900.20250220-2013\jars\maven-model-builder-3.9.9.jar
2025-05-24 16:01:49,035 [Worker-52: Launching Tinchi_data_mysql] INFO  o.eclipse.m2e.core.internal.Bundles - 	Entry: C:\Users\DELL\.p2\pool\plugins\org.eclipse.m2e.maven.runtime_3.9.900.20250220-2013\jars\maven-plugin-api-3.9.9.jar
2025-05-24 16:01:49,035 [Worker-52: Launching Tinchi_data_mysql] INFO  o.eclipse.m2e.core.internal.Bundles - 	Entry: C:\Users\DELL\.p2\pool\plugins\org.eclipse.m2e.maven.runtime_3.9.900.20250220-2013\jars\maven-repository-metadata-3.9.9.jar
2025-05-24 16:01:49,035 [Worker-52: Launching Tinchi_data_mysql] INFO  o.eclipse.m2e.core.internal.Bundles - 	Entry: C:\Users\DELL\.p2\pool\plugins\org.eclipse.m2e.maven.runtime_3.9.900.20250220-2013\jars\maven-resolver-api-1.9.22.jar
2025-05-24 16:01:49,035 [Worker-52: Launching Tinchi_data_mysql] INFO  o.eclipse.m2e.core.internal.Bundles - 	Entry: C:\Users\DELL\.p2\pool\plugins\org.eclipse.m2e.maven.runtime_3.9.900.20250220-2013\jars\maven-resolver-connector-basic-1.9.22.jar
2025-05-24 16:01:49,035 [Worker-52: Launching Tinchi_data_mysql] INFO  o.eclipse.m2e.core.internal.Bundles - 	Entry: C:\Users\DELL\.p2\pool\plugins\org.eclipse.m2e.maven.runtime_3.9.900.20250220-2013\jars\maven-resolver-impl-1.9.22.jar
2025-05-24 16:01:49,035 [Worker-52: Launching Tinchi_data_mysql] INFO  o.eclipse.m2e.core.internal.Bundles - 	Entry: C:\Users\DELL\.p2\pool\plugins\org.eclipse.m2e.maven.runtime_3.9.900.20250220-2013\jars\maven-resolver-named-locks-1.9.22.jar
2025-05-24 16:01:49,035 [Worker-52: Launching Tinchi_data_mysql] INFO  o.eclipse.m2e.core.internal.Bundles - 	Entry: C:\Users\DELL\.p2\pool\plugins\org.eclipse.m2e.maven.runtime_3.9.900.20250220-2013\jars\maven-resolver-provider-3.9.9.jar
2025-05-24 16:01:49,035 [Worker-52: Launching Tinchi_data_mysql] INFO  o.eclipse.m2e.core.internal.Bundles - 	Entry: C:\Users\DELL\.p2\pool\plugins\org.eclipse.m2e.maven.runtime_3.9.900.20250220-2013\jars\maven-resolver-spi-1.9.22.jar
2025-05-24 16:01:49,035 [Worker-52: Launching Tinchi_data_mysql] INFO  o.eclipse.m2e.core.internal.Bundles - 	Entry: C:\Users\DELL\.p2\pool\plugins\org.eclipse.m2e.maven.runtime_3.9.900.20250220-2013\jars\maven-resolver-transport-file-1.9.22.jar
2025-05-24 16:01:49,035 [Worker-52: Launching Tinchi_data_mysql] INFO  o.eclipse.m2e.core.internal.Bundles - 	Entry: C:\Users\DELL\.p2\pool\plugins\org.eclipse.m2e.maven.runtime_3.9.900.20250220-2013\jars\maven-resolver-transport-http-1.9.22.jar
2025-05-24 16:01:49,035 [Worker-52: Launching Tinchi_data_mysql] INFO  o.eclipse.m2e.core.internal.Bundles - 	Entry: C:\Users\DELL\.p2\pool\plugins\org.eclipse.m2e.maven.runtime_3.9.900.20250220-2013\jars\maven-resolver-transport-wagon-1.9.22.jar
2025-05-24 16:01:49,035 [Worker-52: Launching Tinchi_data_mysql] INFO  o.eclipse.m2e.core.internal.Bundles - 	Entry: C:\Users\DELL\.p2\pool\plugins\org.eclipse.m2e.maven.runtime_3.9.900.20250220-2013\jars\maven-resolver-util-1.9.22.jar
2025-05-24 16:01:49,036 [Worker-52: Launching Tinchi_data_mysql] INFO  o.eclipse.m2e.core.internal.Bundles - 	Entry: C:\Users\DELL\.p2\pool\plugins\org.eclipse.m2e.maven.runtime_3.9.900.20250220-2013\jars\maven-settings-3.9.9.jar
2025-05-24 16:01:49,037 [Worker-52: Launching Tinchi_data_mysql] INFO  o.eclipse.m2e.core.internal.Bundles - 	Entry: C:\Users\DELL\.p2\pool\plugins\org.eclipse.m2e.maven.runtime_3.9.900.20250220-2013\jars\maven-settings-builder-3.9.9.jar
2025-05-24 16:01:49,038 [Worker-52: Launching Tinchi_data_mysql] INFO  o.eclipse.m2e.core.internal.Bundles - 	Entry: C:\Users\DELL\.p2\pool\plugins\org.eclipse.m2e.maven.runtime_3.9.900.20250220-2013\jars\maven-shared-utils-3.4.2.jar
2025-05-24 16:01:49,039 [Worker-52: Launching Tinchi_data_mysql] INFO  o.eclipse.m2e.core.internal.Bundles - 	Entry: C:\Users\DELL\.p2\pool\plugins\org.eclipse.m2e.maven.runtime_3.9.900.20250220-2013\jars\org.eclipse.sisu.inject-0.9.0.M3.jar
2025-05-24 16:01:49,040 [Worker-52: Launching Tinchi_data_mysql] INFO  o.eclipse.m2e.core.internal.Bundles - 	Entry: C:\Users\DELL\.p2\pool\plugins\org.eclipse.m2e.maven.runtime_3.9.900.20250220-2013\jars\org.eclipse.sisu.plexus-0.9.0.M3.jar
2025-05-24 16:01:49,040 [Worker-52: Launching Tinchi_data_mysql] INFO  o.eclipse.m2e.core.internal.Bundles - 	Entry: C:\Users\DELL\.p2\pool\plugins\org.eclipse.m2e.maven.runtime_3.9.900.20250220-2013\jars\plexus-build-api-0.0.7.jar
2025-05-24 16:01:49,041 [Worker-52: Launching Tinchi_data_mysql] INFO  o.eclipse.m2e.core.internal.Bundles - 	Entry: C:\Users\DELL\.p2\pool\plugins\org.eclipse.m2e.maven.runtime_3.9.900.20250220-2013\jars\plexus-build-api-1.2.0.jar
2025-05-24 16:01:49,041 [Worker-52: Launching Tinchi_data_mysql] INFO  o.eclipse.m2e.core.internal.Bundles - 	Entry: C:\Users\DELL\.p2\pool\plugins\org.eclipse.m2e.maven.runtime_3.9.900.20250220-2013\jars\plexus-cipher-2.0.jar
2025-05-24 16:01:49,042 [Worker-52: Launching Tinchi_data_mysql] INFO  o.eclipse.m2e.core.internal.Bundles - 	Entry: C:\Users\DELL\.p2\pool\plugins\org.eclipse.m2e.maven.runtime_3.9.900.20250220-2013\jars\plexus-classworlds-2.8.0.jar
2025-05-24 16:01:49,043 [Worker-52: Launching Tinchi_data_mysql] INFO  o.eclipse.m2e.core.internal.Bundles - 	Entry: C:\Users\DELL\.p2\pool\plugins\org.eclipse.m2e.maven.runtime_3.9.900.20250220-2013\jars\plexus-component-annotations-2.1.0.jar
2025-05-24 16:01:49,044 [Worker-52: Launching Tinchi_data_mysql] INFO  o.eclipse.m2e.core.internal.Bundles - 	Entry: C:\Users\DELL\.p2\pool\plugins\org.eclipse.m2e.maven.runtime_3.9.900.20250220-2013\jars\plexus-interpolation-1.27.jar
2025-05-24 16:01:49,045 [Worker-52: Launching Tinchi_data_mysql] INFO  o.eclipse.m2e.core.internal.Bundles - 	Entry: C:\Users\DELL\.p2\pool\plugins\org.eclipse.m2e.maven.runtime_3.9.900.20250220-2013\jars\plexus-sec-dispatcher-2.0.jar
2025-05-24 16:01:49,047 [Worker-52: Launching Tinchi_data_mysql] INFO  o.eclipse.m2e.core.internal.Bundles - 	Entry: C:\Users\DELL\.p2\pool\plugins\org.eclipse.m2e.maven.runtime_3.9.900.20250220-2013\jars\plexus-utils-3.5.1.jar
2025-05-24 16:01:49,047 [Worker-52: Launching Tinchi_data_mysql] INFO  o.eclipse.m2e.core.internal.Bundles - 	Entry: C:\Users\DELL\.p2\pool\plugins\org.eclipse.m2e.maven.runtime_3.9.900.20250220-2013\jars\plexus-xml-3.0.1.jar
2025-05-24 16:01:49,048 [Worker-52: Launching Tinchi_data_mysql] INFO  o.eclipse.m2e.core.internal.Bundles - 	Entry: C:\Users\DELL\.p2\pool\plugins\org.eclipse.m2e.maven.runtime_3.9.900.20250220-2013\jars\wagon-file-3.5.3.jar
2025-05-24 16:01:49,048 [Worker-52: Launching Tinchi_data_mysql] INFO  o.eclipse.m2e.core.internal.Bundles - 	Entry: C:\Users\DELL\.p2\pool\plugins\org.eclipse.m2e.maven.runtime_3.9.900.20250220-2013\jars\wagon-http-3.5.3.jar
2025-05-24 16:01:49,049 [Worker-52: Launching Tinchi_data_mysql] INFO  o.eclipse.m2e.core.internal.Bundles - 	Entry: C:\Users\DELL\.p2\pool\plugins\org.eclipse.m2e.maven.runtime_3.9.900.20250220-2013\jars\wagon-http-shared-3.5.3.jar
2025-05-24 16:01:49,050 [Worker-52: Launching Tinchi_data_mysql] INFO  o.eclipse.m2e.core.internal.Bundles - 	Entry: C:\Users\DELL\.p2\pool\plugins\org.eclipse.m2e.maven.runtime_3.9.900.20250220-2013\jars\wagon-provider-api-3.5.3.jar
2025-05-24 16:01:49,052 [Worker-52: Launching Tinchi_data_mysql] INFO  o.eclipse.m2e.core.internal.Bundles - getClasspathEntries(Bundle=com.google.guava_33.4.0.jre [12])
2025-05-24 16:01:49,053 [Worker-52: Launching Tinchi_data_mysql] INFO  o.eclipse.m2e.core.internal.Bundles - 	Entry: C:\Users\DELL\.p2\pool\plugins\com.google.guava_33.4.0.jre.jar
2025-05-24 16:01:49,053 [Worker-52: Launching Tinchi_data_mysql] INFO  o.eclipse.m2e.core.internal.Bundles - getClasspathEntries(Bundle=slf4j.api_2.0.17 [520])
2025-05-24 16:01:49,054 [Worker-52: Launching Tinchi_data_mysql] INFO  o.eclipse.m2e.core.internal.Bundles - 	Entry: C:\Users\DELL\.p2\pool\plugins\slf4j.api_2.0.17.jar
2025-05-24 16:01:49,054 [Worker-52: Launching Tinchi_data_mysql] INFO  o.eclipse.m2e.core.internal.Bundles - getClasspathEntries(Bundle=jakarta.inject.jakarta.inject-api_1.0.5 [24])
2025-05-24 16:01:49,054 [Worker-52: Launching Tinchi_data_mysql] INFO  o.eclipse.m2e.core.internal.Bundles - 	Entry: C:\Users\DELL\.p2\pool\plugins\jakarta.inject.jakarta.inject-api_1.0.5.jar
2025-05-24 16:01:49,054 [Worker-52: Launching Tinchi_data_mysql] INFO  o.eclipse.m2e.core.internal.Bundles - getClasspathEntries(Bundle=jakarta.annotation-api_1.3.5 [22])
2025-05-24 16:01:49,055 [Worker-52: Launching Tinchi_data_mysql] INFO  o.eclipse.m2e.core.internal.Bundles - 	Entry: C:\Users\DELL\.p2\pool\plugins\jakarta.annotation-api_1.3.5.jar
2025-05-24 16:01:49,055 [Worker-52: Launching Tinchi_data_mysql] INFO  o.eclipse.m2e.core.internal.Bundles - getClasspathEntries(Bundle=org.apache.commons.cli_1.9.0 [48])
2025-05-24 16:01:49,055 [Worker-52: Launching Tinchi_data_mysql] INFO  o.eclipse.m2e.core.internal.Bundles - 	Entry: C:\Users\DELL\.p2\pool\plugins\org.apache.commons.cli_1.9.0.jar
2025-05-24 16:01:49,055 [Worker-52: Launching Tinchi_data_mysql] INFO  o.eclipse.m2e.core.internal.Bundles - getClasspathEntries(Bundle=org.apache.commons.commons-codec_1.16.0 [49])
2025-05-24 16:01:49,056 [Worker-52: Launching Tinchi_data_mysql] INFO  o.eclipse.m2e.core.internal.Bundles - 	Entry: C:\Users\DELL\.p2\pool\plugins\org.apache.commons.commons-codec_1.16.0.jar
2025-05-24 16:01:49,056 [Worker-52: Launching Tinchi_data_mysql] INFO  o.eclipse.m2e.core.internal.Bundles - getClasspathEntries(Bundle=com.google.guava.failureaccess_1.0.2 [13])
2025-05-24 16:01:49,056 [Worker-52: Launching Tinchi_data_mysql] INFO  o.eclipse.m2e.core.internal.Bundles - 	Entry: C:\Users\DELL\.p2\pool\plugins\com.google.guava.failureaccess_1.0.2.jar
2025-05-24 16:01:49,060 [Worker-52: Launching Tinchi_data_mysql] INFO  o.e.m.i.launch.MavenLaunchDelegate - Run build in "D:\Code\Java_Uck\sv-BuiHaiDang\Tinchi_data_mysql":
2025-05-24 16:01:49,061 [Worker-52: Launching Tinchi_data_mysql] INFO  o.e.m.i.launch.MavenLaunchDelegate -  mvn  -B -Dstyle.color=always 
2025-05-24 16:04:56,107 [Worker-54: Building] INFO  o.e.m.c.i.l.LifecycleMappingFactory - Using org.eclipse.m2e.jdt.JarLifecycleMapping lifecycle mapping for MavenProject: Tinchi_data_mysql:Tinchi_data_mysql:0.0.1-SNAPSHOT @ D:\Code\Java_Uck\sv-BuiHaiDang\Tinchi_data_mysql\pom.xml.
2025-05-24 16:04:56,128 [Worker-54: Building] WARN  o.a.m.r.i.DefaultArtifactDescriptorReader - 6 problems were encountered while building the effective model for org.openjfx:javafx-controls:jar:21 during dependency collection step for project (use -X to see details)
2025-05-24 16:04:56,305 [Worker-54: Building] INFO  o.e.m.c.i.e.AbstractTransferListenerAdapter - Downloading https://repo.maven.apache.org/maven2/org/openjfx/javafx-fxml/21/javafx-fxml-21.pom
2025-05-24 16:04:56,310 [Worker-54: Building] INFO  o.e.m.c.i.e.AbstractTransferListenerAdapter - Downloaded https://repo.maven.apache.org/maven2/org/openjfx/javafx-fxml/21/javafx-fxml-21.pom
2025-05-24 16:04:56,406 [Worker-54: Building] INFO  o.e.m.c.i.e.AbstractTransferListenerAdapter - Downloading https://repo.maven.apache.org/maven2/org/openjfx/javafx-fxml/21/javafx-fxml-21.jar
2025-05-24 16:04:56,411 [Worker-54: Building] INFO  o.e.m.c.i.e.AbstractTransferListenerAdapter - Downloaded https://repo.maven.apache.org/maven2/org/openjfx/javafx-fxml/21/javafx-fxml-21.jar
2025-05-24 16:04:56,464 [BasicRepositoryConnector-repo.maven.apache.org-2-0] INFO  o.e.m.c.i.e.AbstractTransferListenerAdapter - Downloading https://repo.maven.apache.org/maven2/org/openjfx/javafx-fxml/21/javafx-fxml-21-win.jar
2025-05-24 16:04:56,617 [BasicRepositoryConnector-repo.maven.apache.org-2-0] INFO  o.e.m.c.i.e.AbstractTransferListenerAdapter - Downloaded https://repo.maven.apache.org/maven2/org/openjfx/javafx-fxml/21/javafx-fxml-21-win.jar
2025-05-24 16:04:56,671 [Worker-54: Building] INFO  o.a.m.s.f.DefaultMavenResourcesFiltering - Copying 0 resource from src to target\classes
2025-05-24 16:04:56,672 [Worker-54: Building] INFO  o.a.m.s.f.DefaultMavenResourcesFiltering - skip non existing resourceDirectory D:\Code\Java_Uck\sv-BuiHaiDang\Tinchi_data_mysql\src\test\resources
2025-05-24 16:04:57,175 [Worker-54: Updating Maven Project] INFO  o.e.m.c.i.p.ProjectConfigurationManager - Update started
2025-05-24 16:04:57,826 [Worker-58: Download sources and javadoc] INFO  o.e.m.c.i.e.AbstractTransferListenerAdapter - Downloading https://repo.maven.apache.org/maven2/org/openjfx/javafx-fxml/21/javafx-fxml-21-sources.jar
2025-05-24 16:04:57,838 [Worker-54: Updating Maven Project] INFO  o.e.m.c.i.l.LifecycleMappingFactory - Using org.eclipse.m2e.jdt.JarLifecycleMapping lifecycle mapping for MavenProject: Tinchi_data_mysql:Tinchi_data_mysql:0.0.1-SNAPSHOT @ D:\Code\Java_Uck\sv-BuiHaiDang\Tinchi_data_mysql\pom.xml.
2025-05-24 16:04:57,849 [Worker-54: Updating Maven Project] WARN  o.a.m.r.i.DefaultArtifactDescriptorReader - 6 problems were encountered while building the effective model for org.openjfx:javafx-controls:jar:21 during dependency collection step for project (use -X to see details)
2025-05-24 16:04:57,996 [Worker-58: Download sources and javadoc] INFO  o.e.m.c.i.e.AbstractTransferListenerAdapter - Downloaded https://repo.maven.apache.org/maven2/org/openjfx/javafx-fxml/21/javafx-fxml-21-sources.jar
2025-05-24 16:04:58,000 [Worker-58: Download sources and javadoc] INFO  o.e.m.j.internal.DownloadSourcesJob - Downloaded sources for org.openjfx:javafx-fxml:21
2025-05-24 16:04:58,004 [Worker-58: Download sources and javadoc] INFO  o.e.m.j.internal.DownloadSourcesJob - Downloaded sources for org.openjfx:javafx-fxml:21win
2025-05-24 16:04:58,114 [Worker-54: Updating Maven Project] INFO  o.e.m.j.i.AbstractJavaProjectConfigurator - Adding source folder /Tinchi_data_mysql/src
2025-05-24 16:04:58,115 [Worker-54: Updating Maven Project] INFO  o.e.m.j.i.AbstractJavaProjectConfigurator - Resources folder /Tinchi_data_mysql/src overlaps with sources folder /Tinchi_data_mysql/src
2025-05-24 16:04:58,115 [Worker-54: Updating Maven Project] INFO  o.e.m.j.i.AbstractJavaProjectConfigurator - Not adding source folder /Tinchi_data_mysql/src/test/java because it overlaps with /Tinchi_data_mysql/src
2025-05-24 16:04:58,115 [Worker-54: Updating Maven Project] INFO  o.e.m.j.i.AbstractJavaProjectConfigurator - Resources folder /Tinchi_data_mysql/src/test/resources overlaps with sources folder /Tinchi_data_mysql/src
2025-05-24 16:04:58,321 [Worker-54: Updating Maven Project] INFO  o.e.m.c.i.p.ProjectConfigurationManager - Update completed for 1 poms: local refresh takes 0.00 sec, refresh facades takes 0.00 sec, update config takes 0.00 sec 
2025-05-24 16:04:59,867 [Worker-60: Building] INFO  o.a.m.s.f.DefaultMavenResourcesFiltering - Copying 2 resources from src to target\classes
2025-05-24 16:04:59,872 [Worker-60: Building] INFO  o.a.m.s.f.DefaultMavenResourcesFiltering - skip non existing resourceDirectory D:\Code\Java_Uck\sv-BuiHaiDang\Tinchi_data_mysql\src\test\resources
2025-05-24 16:05:21,029 [Worker-52: Updating Maven Project] INFO  o.e.m.c.i.p.ProjectConfigurationManager - Update started
2025-05-24 16:05:21,316 [Worker-52: Updating Maven Project] INFO  o.e.m.c.i.l.LifecycleMappingFactory - Using org.eclipse.m2e.jdt.JarLifecycleMapping lifecycle mapping for MavenProject: Tinchi_data_mysql:Tinchi_data_mysql:0.0.1-SNAPSHOT @ D:\Code\Java_Uck\sv-BuiHaiDang\Tinchi_data_mysql\pom.xml.
2025-05-24 16:05:21,340 [Worker-52: Updating Maven Project] WARN  o.a.m.r.i.DefaultArtifactDescriptorReader - 6 problems were encountered while building the effective model for org.openjfx:javafx-controls:jar:21 during dependency collection step for project (use -X to see details)
2025-05-24 16:05:21,426 [Worker-52: Updating Maven Project] INFO  o.e.m.j.i.AbstractJavaProjectConfigurator - Adding source folder /Tinchi_data_mysql/src
2025-05-24 16:05:21,427 [Worker-52: Updating Maven Project] INFO  o.e.m.j.i.AbstractJavaProjectConfigurator - Resources folder /Tinchi_data_mysql/src overlaps with sources folder /Tinchi_data_mysql/src
2025-05-24 16:05:21,427 [Worker-52: Updating Maven Project] INFO  o.e.m.j.i.AbstractJavaProjectConfigurator - Not adding source folder /Tinchi_data_mysql/src/test/java because it overlaps with /Tinchi_data_mysql/src
2025-05-24 16:05:21,427 [Worker-52: Updating Maven Project] INFO  o.e.m.j.i.AbstractJavaProjectConfigurator - Resources folder /Tinchi_data_mysql/src/test/resources overlaps with sources folder /Tinchi_data_mysql/src
2025-05-24 16:05:21,489 [Worker-52: Updating Maven Project] INFO  o.e.m.c.i.p.ProjectConfigurationManager - Update completed for 1 poms: local refresh takes 0.00 sec, refresh facades takes 0.00 sec, update config takes 0.00 sec 
2025-05-24 16:05:22,142 [Worker-61: Building] INFO  o.a.m.s.f.DefaultMavenResourcesFiltering - Copying 2 resources from src to target\classes
2025-05-24 16:05:22,145 [Worker-61: Building] INFO  o.a.m.s.f.DefaultMavenResourcesFiltering - skip non existing resourceDirectory D:\Code\Java_Uck\sv-BuiHaiDang\Tinchi_data_mysql\src\test\resources
2025-05-24 16:22:05,999 [Worker-0: Loading available Gradle versions] INFO  o.e.b.c.i.u.g.PublishedGradleVersions - Gradle version information cache is up-to-date. Trying to read.
2025-05-24 16:32:38,939 [Worker-0: Loading available Gradle versions] INFO  o.e.b.c.i.u.g.PublishedGradleVersions - Gradle version information cache is up-to-date. Trying to read.
2025-05-24 16:37:46,550 [Worker-14: Enabling Maven Dependency Management] INFO  o.e.m.c.i.l.LifecycleMappingFactory - Using org.eclipse.m2e.jdt.JarLifecycleMapping lifecycle mapping for MavenProject: Tinchi_MySQL:Tinchi_MySQL:0.0.1-SNAPSHOT @ D:\Code\Java_Uck\sv-BuiHaiDang\Tinchi_MySQL\pom.xml.
2025-05-24 16:37:49,975 [Worker-14: Enabling Maven Dependency Management] INFO  o.e.m.j.i.AbstractJavaProjectConfigurator - Adding source folder /Tinchi_MySQL/src
2025-05-24 16:37:49,985 [Worker-14: Enabling Maven Dependency Management] INFO  o.e.m.j.i.AbstractJavaProjectConfigurator - Resources folder /Tinchi_MySQL/src overlaps with sources folder /Tinchi_MySQL/src
2025-05-24 16:37:49,993 [Worker-14: Enabling Maven Dependency Management] INFO  o.e.m.j.i.AbstractJavaProjectConfigurator - Not adding source folder /Tinchi_MySQL/src/test/java because it overlaps with /Tinchi_MySQL/src
2025-05-24 16:37:50,001 [Worker-14: Enabling Maven Dependency Management] INFO  o.e.m.j.i.AbstractJavaProjectConfigurator - Resources folder /Tinchi_MySQL/src/test/resources overlaps with sources folder /Tinchi_MySQL/src
2025-05-24 16:37:50,252 [Worker-14: Enabling Maven Dependency Management] INFO  o.e.m.c.i.p.ProjectConfigurationManager - Update started
2025-05-24 16:37:50,719 [Worker-14: Enabling Maven Dependency Management] INFO  o.e.m.c.i.l.LifecycleMappingFactory - Using org.eclipse.m2e.jdt.JarLifecycleMapping lifecycle mapping for MavenProject: Tinchi_MySQL:Tinchi_MySQL:0.0.1-SNAPSHOT @ D:\Code\Java_Uck\sv-BuiHaiDang\Tinchi_MySQL\pom.xml.
2025-05-24 16:37:51,510 [Worker-14: Enabling Maven Dependency Management] INFO  o.e.m.j.i.AbstractJavaProjectConfigurator - Adding source folder /Tinchi_MySQL/src
2025-05-24 16:37:51,510 [Worker-14: Enabling Maven Dependency Management] INFO  o.e.m.j.i.AbstractJavaProjectConfigurator - Resources folder /Tinchi_MySQL/src overlaps with sources folder /Tinchi_MySQL/src
2025-05-24 16:37:51,511 [Worker-14: Enabling Maven Dependency Management] INFO  o.e.m.j.i.AbstractJavaProjectConfigurator - Not adding source folder /Tinchi_MySQL/src/test/java because it overlaps with /Tinchi_MySQL/src
2025-05-24 16:37:51,511 [Worker-14: Enabling Maven Dependency Management] INFO  o.e.m.j.i.AbstractJavaProjectConfigurator - Resources folder /Tinchi_MySQL/src/test/resources overlaps with sources folder /Tinchi_MySQL/src
2025-05-24 16:37:51,741 [Worker-14: Enabling Maven Dependency Management] INFO  o.e.m.c.i.p.ProjectConfigurationManager - Update completed for 1 poms: local refresh takes 0.00 sec, refresh facades takes 0.00 sec, update config takes 0.00 sec 
2025-05-24 16:37:57,448 [Worker-15: Building] WARN  o.a.m.s.f.DefaultMavenResourcesFiltering - Using platform encoding (UTF-8 actually) to copy filtered resources, i.e. build is platform dependent!
2025-05-24 16:37:57,454 [Worker-15: Building] INFO  o.a.m.s.f.DefaultMavenResourcesFiltering - Copying 2 resources from src to target\classes
2025-05-24 16:37:57,462 [Worker-15: Building] WARN  o.a.m.s.f.DefaultMavenResourcesFiltering - Using platform encoding (UTF-8 actually) to copy filtered resources, i.e. build is platform dependent!
2025-05-24 16:37:57,463 [Worker-15: Building] INFO  o.a.m.s.f.DefaultMavenResourcesFiltering - skip non existing resourceDirectory D:\Code\Java_Uck\sv-BuiHaiDang\Tinchi_MySQL\src\test\resources
2025-05-24 16:38:03,774 [Worker-19: Building] INFO  o.e.m.c.i.l.LifecycleMappingFactory - Using org.eclipse.m2e.jdt.JarLifecycleMapping lifecycle mapping for MavenProject: Tinchi_MySQL:Tinchi_MySQL:0.0.1-SNAPSHOT @ D:\Code\Java_Uck\sv-BuiHaiDang\Tinchi_MySQL\pom.xml.
2025-05-24 16:38:03,923 [Worker-19: Building] WARN  o.a.m.s.f.DefaultMavenResourcesFiltering - Using platform encoding (UTF-8 actually) to copy filtered resources, i.e. build is platform dependent!
2025-05-24 16:38:03,925 [Worker-19: Building] INFO  o.a.m.s.f.DefaultMavenResourcesFiltering - Copying 0 resource from src to target\classes
2025-05-24 16:38:03,932 [Worker-19: Building] WARN  o.a.m.s.f.DefaultMavenResourcesFiltering - Using platform encoding (UTF-8 actually) to copy filtered resources, i.e. build is platform dependent!
2025-05-24 16:38:03,933 [Worker-19: Building] INFO  o.a.m.s.f.DefaultMavenResourcesFiltering - skip non existing resourceDirectory D:\Code\Java_Uck\sv-BuiHaiDang\Tinchi_MySQL\src\test\resources
2025-05-24 16:39:15,183 [Worker-16: Building] INFO  o.e.m.c.i.l.LifecycleMappingFactory - Using org.eclipse.m2e.jdt.JarLifecycleMapping lifecycle mapping for MavenProject: Tinchi_MySQL:Tinchi_MySQL:0.0.1-SNAPSHOT @ D:\Code\Java_Uck\sv-BuiHaiDang\Tinchi_MySQL\pom.xml.
2025-05-24 16:39:15,371 [Worker-16: Building] WARN  o.a.m.s.f.DefaultMavenResourcesFiltering - Using platform encoding (UTF-8 actually) to copy filtered resources, i.e. build is platform dependent!
2025-05-24 16:39:15,375 [Worker-16: Building] INFO  o.a.m.s.f.DefaultMavenResourcesFiltering - Copying 0 resource from src to target\classes
2025-05-24 16:39:15,384 [Worker-16: Building] WARN  o.a.m.s.f.DefaultMavenResourcesFiltering - Using platform encoding (UTF-8 actually) to copy filtered resources, i.e. build is platform dependent!
2025-05-24 16:39:15,385 [Worker-16: Building] INFO  o.a.m.s.f.DefaultMavenResourcesFiltering - skip non existing resourceDirectory D:\Code\Java_Uck\sv-BuiHaiDang\Tinchi_MySQL\src\test\resources
2025-05-24 16:39:18,607 [Worker-18: Building] WARN  o.a.m.s.f.DefaultMavenResourcesFiltering - Using platform encoding (UTF-8 actually) to copy filtered resources, i.e. build is platform dependent!
2025-05-24 16:39:18,609 [Worker-18: Building] INFO  o.a.m.s.f.DefaultMavenResourcesFiltering - Copying 2 resources from src to target\classes
2025-05-24 16:39:18,616 [Worker-18: Building] WARN  o.a.m.s.f.DefaultMavenResourcesFiltering - Using platform encoding (UTF-8 actually) to copy filtered resources, i.e. build is platform dependent!
2025-05-24 16:39:18,617 [Worker-18: Building] INFO  o.a.m.s.f.DefaultMavenResourcesFiltering - skip non existing resourceDirectory D:\Code\Java_Uck\sv-BuiHaiDang\Tinchi_MySQL\src\test\resources
2025-05-25 09:02:36,447 [Worker-0: Loading available Gradle versions] INFO  o.e.b.c.i.u.g.PublishedGradleVersions - Gradle version information cache is up-to-date. Trying to read.
2025-05-30 21:50:44,838 [Worker-1: Loading available Gradle versions] INFO  o.e.b.c.i.u.g.PublishedGradleVersions - Gradle version information cache is out-of-date. Trying to update.
2025-05-30 21:52:10,685 [Worker-0: Building] WARN  o.a.m.s.f.DefaultMavenResourcesFiltering - Using platform encoding (UTF-8 actually) to copy filtered resources, i.e. build is platform dependent!
2025-05-30 21:52:10,700 [Worker-0: Building] INFO  o.a.m.s.f.DefaultMavenResourcesFiltering - Copying 0 resource from src\main\resources to target\classes
2025-05-30 21:52:10,705 [Worker-0: Building] WARN  o.a.m.s.f.DefaultMavenResourcesFiltering - Using platform encoding (UTF-8 actually) to copy filtered resources, i.e. build is platform dependent!
2025-05-30 21:52:10,706 [Worker-0: Building] INFO  o.a.m.s.f.DefaultMavenResourcesFiltering - Copying 0 resource from src\test\resources to target\test-classes
2025-05-30 21:52:23,984 [Worker-2: Building] INFO  o.e.m.c.i.l.LifecycleMappingFactory - Using org.eclipse.m2e.jdt.JarLifecycleMapping lifecycle mapping for MavenProject: CreditHibernateMaven:CreditHibernateMaven:0.0.1-SNAPSHOT @ D:\Code\Java_Uck\sv-BuiHaiDang\CreditHibernateMaven\pom.xml.
2025-05-30 21:52:24,356 [Worker-2: Building] INFO  o.e.m.c.i.e.AbstractTransferListenerAdapter - Downloading https://repo.maven.apache.org/maven2/org/hibernate/hibernate-core/6.4.0.Final/hibernate-core-6.4.0.Final.pom
2025-05-30 21:52:24,376 [Worker-2: Building] INFO  o.e.m.c.i.e.AbstractTransferListenerAdapter - Downloaded https://repo.maven.apache.org/maven2/org/hibernate/hibernate-core/6.4.0.Final/hibernate-core-6.4.0.Final.pom
2025-05-30 21:52:24,448 [Worker-2: Building] INFO  o.e.m.c.i.e.AbstractTransferListenerAdapter - Downloading https://repo.maven.apache.org/maven2/org/hibernate/orm/hibernate-core/6.4.0.Final/hibernate-core-6.4.0.Final.pom
2025-05-30 21:52:24,458 [Worker-2: Building] INFO  o.e.m.c.i.e.AbstractTransferListenerAdapter - Downloaded https://repo.maven.apache.org/maven2/org/hibernate/orm/hibernate-core/6.4.0.Final/hibernate-core-6.4.0.Final.pom
2025-05-30 21:52:24,563 [Worker-2: Building] INFO  o.e.m.c.i.e.AbstractTransferListenerAdapter - Downloading https://repo.maven.apache.org/maven2/org/jboss/logging/jboss-logging/3.5.0.Final/jboss-logging-3.5.0.Final.pom
2025-05-30 21:52:24,576 [Worker-2: Building] INFO  o.e.m.c.i.e.AbstractTransferListenerAdapter - Downloaded https://repo.maven.apache.org/maven2/org/jboss/logging/jboss-logging/3.5.0.Final/jboss-logging-3.5.0.Final.pom
2025-05-30 21:52:24,661 [Worker-2: Building] INFO  o.e.m.c.i.e.AbstractTransferListenerAdapter - Downloading https://repo.maven.apache.org/maven2/com/fasterxml/classmate/1.5.1/classmate-1.5.1.pom
2025-05-30 21:52:24,670 [Worker-2: Building] INFO  o.e.m.c.i.e.AbstractTransferListenerAdapter - Downloaded https://repo.maven.apache.org/maven2/com/fasterxml/classmate/1.5.1/classmate-1.5.1.pom
2025-05-30 21:52:24,722 [Worker-2: Building] INFO  o.e.m.c.i.e.AbstractTransferListenerAdapter - Downloading https://repo.maven.apache.org/maven2/com/fasterxml/oss-parent/35/oss-parent-35.pom
2025-05-30 21:52:24,738 [Worker-2: Building] INFO  o.e.m.c.i.e.AbstractTransferListenerAdapter - Downloaded https://repo.maven.apache.org/maven2/com/fasterxml/oss-parent/35/oss-parent-35.pom
2025-05-30 21:52:24,790 [Worker-2: Building] INFO  o.e.m.c.i.e.AbstractTransferListenerAdapter - Downloading https://repo.maven.apache.org/maven2/net/bytebuddy/byte-buddy/1.14.7/byte-buddy-1.14.7.pom
2025-05-30 21:52:24,802 [Worker-2: Building] INFO  o.e.m.c.i.e.AbstractTransferListenerAdapter - Downloaded https://repo.maven.apache.org/maven2/net/bytebuddy/byte-buddy/1.14.7/byte-buddy-1.14.7.pom
2025-05-30 21:52:24,853 [Worker-2: Building] INFO  o.e.m.c.i.e.AbstractTransferListenerAdapter - Downloading https://repo.maven.apache.org/maven2/net/bytebuddy/byte-buddy-parent/1.14.7/byte-buddy-parent-1.14.7.pom
2025-05-30 21:52:24,904 [Worker-2: Building] INFO  o.e.m.c.i.e.AbstractTransferListenerAdapter - Downloaded https://repo.maven.apache.org/maven2/net/bytebuddy/byte-buddy-parent/1.14.7/byte-buddy-parent-1.14.7.pom
2025-05-30 21:52:24,956 [Worker-2: Building] INFO  o.e.m.c.i.e.AbstractTransferListenerAdapter - Downloading https://repo.maven.apache.org/maven2/jakarta/xml/bind/jakarta.xml.bind-api/4.0.0/jakarta.xml.bind-api-4.0.0.pom
2025-05-30 21:52:24,965 [Worker-2: Building] INFO  o.e.m.c.i.e.AbstractTransferListenerAdapter - Downloaded https://repo.maven.apache.org/maven2/jakarta/xml/bind/jakarta.xml.bind-api/4.0.0/jakarta.xml.bind-api-4.0.0.pom
2025-05-30 21:52:25,019 [Worker-2: Building] INFO  o.e.m.c.i.e.AbstractTransferListenerAdapter - Downloading https://repo.maven.apache.org/maven2/jakarta/xml/bind/jakarta.xml.bind-api-parent/4.0.0/jakarta.xml.bind-api-parent-4.0.0.pom
2025-05-30 21:52:25,029 [Worker-2: Building] INFO  o.e.m.c.i.e.AbstractTransferListenerAdapter - Downloaded https://repo.maven.apache.org/maven2/jakarta/xml/bind/jakarta.xml.bind-api-parent/4.0.0/jakarta.xml.bind-api-parent-4.0.0.pom
2025-05-30 21:52:25,080 [Worker-2: Building] INFO  o.e.m.c.i.e.AbstractTransferListenerAdapter - Downloading https://repo.maven.apache.org/maven2/jakarta/activation/jakarta.activation-api/2.1.0/jakarta.activation-api-2.1.0.pom
2025-05-30 21:52:25,091 [Worker-2: Building] INFO  o.e.m.c.i.e.AbstractTransferListenerAdapter - Downloaded https://repo.maven.apache.org/maven2/jakarta/activation/jakarta.activation-api/2.1.0/jakarta.activation-api-2.1.0.pom
2025-05-30 21:52:25,143 [Worker-2: Building] INFO  o.e.m.c.i.e.AbstractTransferListenerAdapter - Downloading https://repo.maven.apache.org/maven2/org/glassfish/jaxb/jaxb-runtime/4.0.2/jaxb-runtime-4.0.2.pom
2025-05-30 21:52:25,156 [Worker-2: Building] INFO  o.e.m.c.i.e.AbstractTransferListenerAdapter - Downloaded https://repo.maven.apache.org/maven2/org/glassfish/jaxb/jaxb-runtime/4.0.2/jaxb-runtime-4.0.2.pom
2025-05-30 21:52:25,209 [Worker-2: Building] INFO  o.e.m.c.i.e.AbstractTransferListenerAdapter - Downloading https://repo.maven.apache.org/maven2/com/sun/xml/bind/mvn/jaxb-runtime-parent/4.0.2/jaxb-runtime-parent-4.0.2.pom
2025-05-30 21:52:25,219 [Worker-2: Building] INFO  o.e.m.c.i.e.AbstractTransferListenerAdapter - Downloaded https://repo.maven.apache.org/maven2/com/sun/xml/bind/mvn/jaxb-runtime-parent/4.0.2/jaxb-runtime-parent-4.0.2.pom
2025-05-30 21:52:25,273 [Worker-2: Building] INFO  o.e.m.c.i.e.AbstractTransferListenerAdapter - Downloading https://repo.maven.apache.org/maven2/com/sun/xml/bind/mvn/jaxb-parent/4.0.2/jaxb-parent-4.0.2.pom
2025-05-30 21:52:25,287 [Worker-2: Building] INFO  o.e.m.c.i.e.AbstractTransferListenerAdapter - Downloaded https://repo.maven.apache.org/maven2/com/sun/xml/bind/mvn/jaxb-parent/4.0.2/jaxb-parent-4.0.2.pom
2025-05-30 21:52:25,345 [Worker-2: Building] INFO  o.e.m.c.i.e.AbstractTransferListenerAdapter - Downloading https://repo.maven.apache.org/maven2/com/sun/xml/bind/jaxb-bom-ext/4.0.2/jaxb-bom-ext-4.0.2.pom
2025-05-30 21:52:25,352 [Worker-2: Building] INFO  o.e.m.c.i.e.AbstractTransferListenerAdapter - Downloaded https://repo.maven.apache.org/maven2/com/sun/xml/bind/jaxb-bom-ext/4.0.2/jaxb-bom-ext-4.0.2.pom
2025-05-30 21:52:25,404 [Worker-2: Building] INFO  o.e.m.c.i.e.AbstractTransferListenerAdapter - Downloading https://repo.maven.apache.org/maven2/org/glassfish/jaxb/jaxb-bom/4.0.2/jaxb-bom-4.0.2.pom
2025-05-30 21:52:25,415 [Worker-2: Building] INFO  o.e.m.c.i.e.AbstractTransferListenerAdapter - Downloaded https://repo.maven.apache.org/maven2/org/glassfish/jaxb/jaxb-bom/4.0.2/jaxb-bom-4.0.2.pom
2025-05-30 21:52:25,478 [Worker-2: Building] INFO  o.e.m.c.i.e.AbstractTransferListenerAdapter - Downloading https://repo.maven.apache.org/maven2/org/glassfish/jaxb/jaxb-core/4.0.2/jaxb-core-4.0.2.pom
2025-05-30 21:52:25,488 [Worker-2: Building] INFO  o.e.m.c.i.e.AbstractTransferListenerAdapter - Downloaded https://repo.maven.apache.org/maven2/org/glassfish/jaxb/jaxb-core/4.0.2/jaxb-core-4.0.2.pom
2025-05-30 21:52:25,542 [Worker-2: Building] INFO  o.e.m.c.i.e.AbstractTransferListenerAdapter - Downloading https://repo.maven.apache.org/maven2/jakarta/activation/jakarta.activation-api/2.1.1/jakarta.activation-api-2.1.1.pom
2025-05-30 21:52:25,552 [Worker-2: Building] INFO  o.e.m.c.i.e.AbstractTransferListenerAdapter - Downloaded https://repo.maven.apache.org/maven2/jakarta/activation/jakarta.activation-api/2.1.1/jakarta.activation-api-2.1.1.pom
2025-05-30 21:52:25,603 [Worker-2: Building] INFO  o.e.m.c.i.e.AbstractTransferListenerAdapter - Downloading https://repo.maven.apache.org/maven2/org/eclipse/angus/angus-activation/2.0.0/angus-activation-2.0.0.pom
2025-05-30 21:52:25,609 [Worker-2: Building] INFO  o.e.m.c.i.e.AbstractTransferListenerAdapter - Downloaded https://repo.maven.apache.org/maven2/org/eclipse/angus/angus-activation/2.0.0/angus-activation-2.0.0.pom
2025-05-30 21:52:25,661 [Worker-2: Building] INFO  o.e.m.c.i.e.AbstractTransferListenerAdapter - Downloading https://repo.maven.apache.org/maven2/org/eclipse/angus/angus-activation-project/2.0.0/angus-activation-project-2.0.0.pom
2025-05-30 21:52:25,673 [Worker-2: Building] INFO  o.e.m.c.i.e.AbstractTransferListenerAdapter - Downloaded https://repo.maven.apache.org/maven2/org/eclipse/angus/angus-activation-project/2.0.0/angus-activation-project-2.0.0.pom
2025-05-30 21:52:25,723 [Worker-2: Building] INFO  o.e.m.c.i.e.AbstractTransferListenerAdapter - Downloading https://repo.maven.apache.org/maven2/org/glassfish/jaxb/txw2/4.0.2/txw2-4.0.2.pom
2025-05-30 21:52:25,729 [Worker-2: Building] INFO  o.e.m.c.i.e.AbstractTransferListenerAdapter - Downloaded https://repo.maven.apache.org/maven2/org/glassfish/jaxb/txw2/4.0.2/txw2-4.0.2.pom
2025-05-30 21:52:25,776 [Worker-2: Building] INFO  o.e.m.c.i.e.AbstractTransferListenerAdapter - Downloading https://repo.maven.apache.org/maven2/com/sun/xml/bind/mvn/jaxb-txw-parent/4.0.2/jaxb-txw-parent-4.0.2.pom
2025-05-30 21:52:25,783 [Worker-2: Building] INFO  o.e.m.c.i.e.AbstractTransferListenerAdapter - Downloaded https://repo.maven.apache.org/maven2/com/sun/xml/bind/mvn/jaxb-txw-parent/4.0.2/jaxb-txw-parent-4.0.2.pom
2025-05-30 21:52:25,832 [Worker-2: Building] INFO  o.e.m.c.i.e.AbstractTransferListenerAdapter - Downloading https://repo.maven.apache.org/maven2/com/sun/istack/istack-commons-runtime/4.1.1/istack-commons-runtime-4.1.1.pom
2025-05-30 21:52:25,840 [Worker-2: Building] INFO  o.e.m.c.i.e.AbstractTransferListenerAdapter - Downloaded https://repo.maven.apache.org/maven2/com/sun/istack/istack-commons-runtime/4.1.1/istack-commons-runtime-4.1.1.pom
2025-05-30 21:52:25,888 [Worker-2: Building] INFO  o.e.m.c.i.e.AbstractTransferListenerAdapter - Downloading https://repo.maven.apache.org/maven2/com/sun/istack/istack-commons/4.1.1/istack-commons-4.1.1.pom
2025-05-30 21:52:25,898 [Worker-2: Building] INFO  o.e.m.c.i.e.AbstractTransferListenerAdapter - Downloaded https://repo.maven.apache.org/maven2/com/sun/istack/istack-commons/4.1.1/istack-commons-4.1.1.pom
2025-05-30 21:52:25,960 [Worker-2: Building] INFO  o.e.m.c.i.e.AbstractTransferListenerAdapter - Downloading https://repo.maven.apache.org/maven2/net/sf/ucanaccess/ucanaccess/5.0.1/ucanaccess-5.0.1.pom
2025-05-30 21:52:25,967 [Worker-2: Building] INFO  o.e.m.c.i.e.AbstractTransferListenerAdapter - Downloaded https://repo.maven.apache.org/maven2/net/sf/ucanaccess/ucanaccess/5.0.1/ucanaccess-5.0.1.pom
2025-05-30 21:52:26,023 [Worker-2: Building] INFO  o.e.m.c.i.e.AbstractTransferListenerAdapter - Downloading https://repo.maven.apache.org/maven2/org/hsqldb/hsqldb/2.5.0/hsqldb-2.5.0.pom
2025-05-30 21:52:26,029 [Worker-2: Building] INFO  o.e.m.c.i.e.AbstractTransferListenerAdapter - Downloaded https://repo.maven.apache.org/maven2/org/hsqldb/hsqldb/2.5.0/hsqldb-2.5.0.pom
2025-05-30 21:52:26,078 [Worker-2: Building] INFO  o.e.m.c.i.e.AbstractTransferListenerAdapter - Downloading https://repo.maven.apache.org/maven2/com/healthmarketscience/jackcess/jackcess/3.0.1/jackcess-3.0.1.pom
2025-05-30 21:52:26,084 [Worker-2: Building] INFO  o.e.m.c.i.e.AbstractTransferListenerAdapter - Downloaded https://repo.maven.apache.org/maven2/com/healthmarketscience/jackcess/jackcess/3.0.1/jackcess-3.0.1.pom
2025-05-30 21:52:26,138 [Worker-2: Building] INFO  o.e.m.c.i.e.AbstractTransferListenerAdapter - Downloading https://repo.maven.apache.org/maven2/com/healthmarketscience/openhms-parent/2.0.2/openhms-parent-2.0.2.pom
2025-05-30 21:52:26,146 [Worker-2: Building] INFO  o.e.m.c.i.e.AbstractTransferListenerAdapter - Downloaded https://repo.maven.apache.org/maven2/com/healthmarketscience/openhms-parent/2.0.2/openhms-parent-2.0.2.pom
2025-05-30 21:52:26,185 [Worker-2: Building] WARN  o.e.m.c.i.embedder.EclipseLogger - The artifact org.hibernate:hibernate-core:jar:6.4.0.Final has been relocated to org.hibernate.orm:hibernate-core:jar:6.4.0.Final
2025-05-30 21:52:26,273 [Worker-2: Building] INFO  o.e.m.c.i.e.AbstractTransferListenerAdapter - Downloading https://repo.maven.apache.org/maven2/org/hibernate/orm/hibernate-core/6.4.0.Final/hibernate-core-6.4.0.Final.jar
2025-05-30 21:52:28,419 [Worker-2: Building] INFO  o.e.m.c.i.e.AbstractTransferListenerAdapter - Downloaded https://repo.maven.apache.org/maven2/org/hibernate/orm/hibernate-core/6.4.0.Final/hibernate-core-6.4.0.Final.jar
2025-05-30 21:52:28,463 [BasicRepositoryConnector-repo.maven.apache.org-0-2] INFO  o.e.m.c.i.e.AbstractTransferListenerAdapter - Downloading https://repo.maven.apache.org/maven2/net/bytebuddy/byte-buddy/1.14.7/byte-buddy-1.14.7.jar
2025-05-30 21:52:28,546 [BasicRepositoryConnector-repo.maven.apache.org-0-1] INFO  o.e.m.c.i.e.AbstractTransferListenerAdapter - Downloading https://repo.maven.apache.org/maven2/com/fasterxml/classmate/1.5.1/classmate-1.5.1.jar
2025-05-30 21:52:28,553 [BasicRepositoryConnector-repo.maven.apache.org-0-0] INFO  o.e.m.c.i.e.AbstractTransferListenerAdapter - Downloading https://repo.maven.apache.org/maven2/org/jboss/logging/jboss-logging/3.5.0.Final/jboss-logging-3.5.0.Final.jar
2025-05-30 21:52:28,572 [BasicRepositoryConnector-repo.maven.apache.org-0-3] INFO  o.e.m.c.i.e.AbstractTransferListenerAdapter - Downloading https://repo.maven.apache.org/maven2/jakarta/xml/bind/jakarta.xml.bind-api/4.0.0/jakarta.xml.bind-api-4.0.0.jar
2025-05-30 21:52:28,588 [BasicRepositoryConnector-repo.maven.apache.org-0-4] INFO  o.e.m.c.i.e.AbstractTransferListenerAdapter - Downloading https://repo.maven.apache.org/maven2/jakarta/activation/jakarta.activation-api/2.1.0/jakarta.activation-api-2.1.0.jar
2025-05-30 21:52:28,600 [BasicRepositoryConnector-repo.maven.apache.org-0-1] INFO  o.e.m.c.i.e.AbstractTransferListenerAdapter - Downloaded https://repo.maven.apache.org/maven2/com/fasterxml/classmate/1.5.1/classmate-1.5.1.jar
2025-05-30 21:52:28,614 [BasicRepositoryConnector-repo.maven.apache.org-0-0] INFO  o.e.m.c.i.e.AbstractTransferListenerAdapter - Downloaded https://repo.maven.apache.org/maven2/org/jboss/logging/jboss-logging/3.5.0.Final/jboss-logging-3.5.0.Final.jar
2025-05-30 21:52:28,654 [BasicRepositoryConnector-repo.maven.apache.org-0-1] INFO  o.e.m.c.i.e.AbstractTransferListenerAdapter - Downloading https://repo.maven.apache.org/maven2/org/glassfish/jaxb/jaxb-runtime/4.0.2/jaxb-runtime-4.0.2.jar
2025-05-30 21:52:28,665 [BasicRepositoryConnector-repo.maven.apache.org-0-0] INFO  o.e.m.c.i.e.AbstractTransferListenerAdapter - Downloading https://repo.maven.apache.org/maven2/org/glassfish/jaxb/jaxb-core/4.0.2/jaxb-core-4.0.2.jar
2025-05-30 21:52:28,697 [BasicRepositoryConnector-repo.maven.apache.org-0-4] INFO  o.e.m.c.i.e.AbstractTransferListenerAdapter - Downloaded https://repo.maven.apache.org/maven2/jakarta/activation/jakarta.activation-api/2.1.0/jakarta.activation-api-2.1.0.jar
2025-05-30 21:52:28,746 [BasicRepositoryConnector-repo.maven.apache.org-0-3] INFO  o.e.m.c.i.e.AbstractTransferListenerAdapter - Downloaded https://repo.maven.apache.org/maven2/jakarta/xml/bind/jakarta.xml.bind-api/4.0.0/jakarta.xml.bind-api-4.0.0.jar
2025-05-30 21:52:28,765 [BasicRepositoryConnector-repo.maven.apache.org-0-0] INFO  o.e.m.c.i.e.AbstractTransferListenerAdapter - Downloaded https://repo.maven.apache.org/maven2/org/glassfish/jaxb/jaxb-core/4.0.2/jaxb-core-4.0.2.jar
2025-05-30 21:52:28,773 [BasicRepositoryConnector-repo.maven.apache.org-0-4] INFO  o.e.m.c.i.e.AbstractTransferListenerAdapter - Downloading https://repo.maven.apache.org/maven2/org/eclipse/angus/angus-activation/2.0.0/angus-activation-2.0.0.jar
2025-05-30 21:52:28,785 [BasicRepositoryConnector-repo.maven.apache.org-0-4] INFO  o.e.m.c.i.e.AbstractTransferListenerAdapter - Downloaded https://repo.maven.apache.org/maven2/org/eclipse/angus/angus-activation/2.0.0/angus-activation-2.0.0.jar
2025-05-30 21:52:28,796 [BasicRepositoryConnector-repo.maven.apache.org-0-3] INFO  o.e.m.c.i.e.AbstractTransferListenerAdapter - Downloading https://repo.maven.apache.org/maven2/org/glassfish/jaxb/txw2/4.0.2/txw2-4.0.2.jar
2025-05-30 21:52:28,819 [BasicRepositoryConnector-repo.maven.apache.org-0-0] INFO  o.e.m.c.i.e.AbstractTransferListenerAdapter - Downloading https://repo.maven.apache.org/maven2/com/sun/istack/istack-commons-runtime/4.1.1/istack-commons-runtime-4.1.1.jar
2025-05-30 21:52:28,837 [BasicRepositoryConnector-repo.maven.apache.org-0-0] INFO  o.e.m.c.i.e.AbstractTransferListenerAdapter - Downloaded https://repo.maven.apache.org/maven2/com/sun/istack/istack-commons-runtime/4.1.1/istack-commons-runtime-4.1.1.jar
2025-05-30 21:52:28,841 [BasicRepositoryConnector-repo.maven.apache.org-0-4] INFO  o.e.m.c.i.e.AbstractTransferListenerAdapter - Downloading https://repo.maven.apache.org/maven2/net/sf/ucanaccess/ucanaccess/5.0.1/ucanaccess-5.0.1.jar
2025-05-30 21:52:28,853 [BasicRepositoryConnector-repo.maven.apache.org-0-3] INFO  o.e.m.c.i.e.AbstractTransferListenerAdapter - Downloaded https://repo.maven.apache.org/maven2/org/glassfish/jaxb/txw2/4.0.2/txw2-4.0.2.jar
2025-05-30 21:52:28,883 [BasicRepositoryConnector-repo.maven.apache.org-0-0] INFO  o.e.m.c.i.e.AbstractTransferListenerAdapter - Downloading https://repo.maven.apache.org/maven2/org/hsqldb/hsqldb/2.5.0/hsqldb-2.5.0.jar
2025-05-30 21:52:28,906 [BasicRepositoryConnector-repo.maven.apache.org-0-3] INFO  o.e.m.c.i.e.AbstractTransferListenerAdapter - Downloading https://repo.maven.apache.org/maven2/com/healthmarketscience/jackcess/jackcess/3.0.1/jackcess-3.0.1.jar
2025-05-30 21:52:29,062 [BasicRepositoryConnector-repo.maven.apache.org-0-1] INFO  o.e.m.c.i.e.AbstractTransferListenerAdapter - Downloaded https://repo.maven.apache.org/maven2/org/glassfish/jaxb/jaxb-runtime/4.0.2/jaxb-runtime-4.0.2.jar
2025-05-30 21:52:29,105 [BasicRepositoryConnector-repo.maven.apache.org-0-1] INFO  o.e.m.c.i.e.AbstractTransferListenerAdapter - Downloading https://repo.maven.apache.org/maven2/org/apache/commons/commons-lang3/3.8.1/commons-lang3-3.8.1.jar
2025-05-30 21:52:29,232 [BasicRepositoryConnector-repo.maven.apache.org-0-4] INFO  o.e.m.c.i.e.AbstractTransferListenerAdapter - Downloaded https://repo.maven.apache.org/maven2/net/sf/ucanaccess/ucanaccess/5.0.1/ucanaccess-5.0.1.jar
2025-05-30 21:52:29,307 [BasicRepositoryConnector-repo.maven.apache.org-0-1] INFO  o.e.m.c.i.e.AbstractTransferListenerAdapter - Downloaded https://repo.maven.apache.org/maven2/org/apache/commons/commons-lang3/3.8.1/commons-lang3-3.8.1.jar
2025-05-30 21:52:29,569 [BasicRepositoryConnector-repo.maven.apache.org-0-0] INFO  o.e.m.c.i.e.AbstractTransferListenerAdapter - Downloaded https://repo.maven.apache.org/maven2/org/hsqldb/hsqldb/2.5.0/hsqldb-2.5.0.jar
2025-05-30 21:52:29,752 [BasicRepositoryConnector-repo.maven.apache.org-0-3] INFO  o.e.m.c.i.e.AbstractTransferListenerAdapter - Downloaded https://repo.maven.apache.org/maven2/com/healthmarketscience/jackcess/jackcess/3.0.1/jackcess-3.0.1.jar
2025-05-30 21:52:30,198 [BasicRepositoryConnector-repo.maven.apache.org-0-2] INFO  o.e.m.c.i.e.AbstractTransferListenerAdapter - Downloaded https://repo.maven.apache.org/maven2/net/bytebuddy/byte-buddy/1.14.7/byte-buddy-1.14.7.jar
2025-05-30 21:52:30,425 [Worker-2: Building] WARN  o.a.m.s.f.DefaultMavenResourcesFiltering - Using platform encoding (UTF-8 actually) to copy filtered resources, i.e. build is platform dependent!
2025-05-30 21:52:30,427 [Worker-2: Building] INFO  o.a.m.s.f.DefaultMavenResourcesFiltering - Copying 0 resource from src\main\resources to target\classes
2025-05-30 21:52:30,437 [Worker-2: Building] WARN  o.a.m.s.f.DefaultMavenResourcesFiltering - Using platform encoding (UTF-8 actually) to copy filtered resources, i.e. build is platform dependent!
2025-05-30 21:52:30,438 [Worker-2: Building] INFO  o.a.m.s.f.DefaultMavenResourcesFiltering - Copying 0 resource from src\test\resources to target\test-classes
2025-05-30 21:52:31,516 [Worker-5: Download sources and javadoc] INFO  o.e.m.c.i.e.AbstractTransferListenerAdapter - Downloading https://repo.maven.apache.org/maven2/org/hibernate/orm/hibernate-core/6.4.0.Final/hibernate-core-6.4.0.Final-sources.jar
2025-05-30 21:52:31,709 [Worker-13: Building] WARN  o.a.m.s.f.DefaultMavenResourcesFiltering - Using platform encoding (UTF-8 actually) to copy filtered resources, i.e. build is platform dependent!
2025-05-30 21:52:31,711 [Worker-13: Building] INFO  o.a.m.s.f.DefaultMavenResourcesFiltering - Copying 0 resource from src\main\resources to target\classes
2025-05-30 21:52:31,716 [Worker-13: Building] WARN  o.a.m.s.f.DefaultMavenResourcesFiltering - Using platform encoding (UTF-8 actually) to copy filtered resources, i.e. build is platform dependent!
2025-05-30 21:52:31,717 [Worker-13: Building] INFO  o.a.m.s.f.DefaultMavenResourcesFiltering - Copying 0 resource from src\test\resources to target\test-classes
2025-05-30 21:52:31,868 [Worker-0: Updating Maven Dependencies] INFO  o.e.m.c.i.l.LifecycleMappingFactory - Using org.eclipse.m2e.jdt.JarLifecycleMapping lifecycle mapping for MavenProject: CreditHibernateMaven:CreditHibernateMaven:0.0.1-SNAPSHOT @ D:\Code\Java_Uck\sv-BuiHaiDang\CreditHibernateMaven\pom.xml.
2025-05-30 21:52:36,484 [Worker-5: Download sources and javadoc] INFO  o.e.m.c.i.e.AbstractTransferListenerAdapter - Downloaded https://repo.maven.apache.org/maven2/org/hibernate/orm/hibernate-core/6.4.0.Final/hibernate-core-6.4.0.Final-sources.jar
2025-05-30 21:52:36,492 [Worker-5: Download sources and javadoc] INFO  o.e.m.j.internal.DownloadSourcesJob - Downloaded sources for org.hibernate.orm:hibernate-core:6.4.0.Final
2025-05-30 21:52:36,645 [Worker-5: Download sources and javadoc] INFO  o.e.m.c.i.e.AbstractTransferListenerAdapter - Downloading https://repo.maven.apache.org/maven2/jakarta/persistence/jakarta.persistence-api/3.1.0/jakarta.persistence-api-3.1.0-sources.jar
2025-05-30 21:52:36,792 [Worker-5: Download sources and javadoc] INFO  o.e.m.c.i.e.AbstractTransferListenerAdapter - Downloaded https://repo.maven.apache.org/maven2/jakarta/persistence/jakarta.persistence-api/3.1.0/jakarta.persistence-api-3.1.0-sources.jar
2025-05-30 21:52:36,797 [Worker-5: Download sources and javadoc] INFO  o.e.m.j.internal.DownloadSourcesJob - Downloaded sources for jakarta.persistence:jakarta.persistence-api:3.1.0
2025-05-30 21:52:36,982 [Worker-5: Download sources and javadoc] INFO  o.e.m.c.i.e.AbstractTransferListenerAdapter - Downloading https://repo.maven.apache.org/maven2/jakarta/transaction/jakarta.transaction-api/2.0.1/jakarta.transaction-api-2.0.1-sources.jar
2025-05-30 21:52:37,032 [Worker-5: Download sources and javadoc] INFO  o.e.m.c.i.e.AbstractTransferListenerAdapter - Downloaded https://repo.maven.apache.org/maven2/jakarta/transaction/jakarta.transaction-api/2.0.1/jakarta.transaction-api-2.0.1-sources.jar
2025-05-30 21:52:37,036 [Worker-5: Download sources and javadoc] INFO  o.e.m.j.internal.DownloadSourcesJob - Downloaded sources for jakarta.transaction:jakarta.transaction-api:2.0.1
2025-05-30 21:52:37,193 [Worker-5: Download sources and javadoc] INFO  o.e.m.c.i.e.AbstractTransferListenerAdapter - Downloading https://repo.maven.apache.org/maven2/org/jboss/logging/jboss-logging/3.5.0.Final/jboss-logging-3.5.0.Final-sources.jar
2025-05-30 21:52:37,258 [Worker-5: Download sources and javadoc] INFO  o.e.m.c.i.e.AbstractTransferListenerAdapter - Downloaded https://repo.maven.apache.org/maven2/org/jboss/logging/jboss-logging/3.5.0.Final/jboss-logging-3.5.0.Final-sources.jar
2025-05-30 21:52:37,264 [Worker-5: Download sources and javadoc] INFO  o.e.m.j.internal.DownloadSourcesJob - Downloaded sources for org.jboss.logging:jboss-logging:3.5.0.Final
2025-05-30 21:52:37,429 [Worker-5: Download sources and javadoc] INFO  o.e.m.c.i.e.AbstractTransferListenerAdapter - Downloading https://repo.maven.apache.org/maven2/org/hibernate/common/hibernate-commons-annotations/6.0.6.Final/hibernate-commons-annotations-6.0.6.Final-sources.jar
2025-05-30 21:52:37,469 [Worker-5: Download sources and javadoc] INFO  o.e.m.c.i.e.AbstractTransferListenerAdapter - Downloaded https://repo.maven.apache.org/maven2/org/hibernate/common/hibernate-commons-annotations/6.0.6.Final/hibernate-commons-annotations-6.0.6.Final-sources.jar
2025-05-30 21:52:37,475 [Worker-5: Download sources and javadoc] INFO  o.e.m.j.internal.DownloadSourcesJob - Downloaded sources for org.hibernate.common:hibernate-commons-annotations:6.0.6.Final
2025-05-30 21:52:37,619 [Worker-5: Download sources and javadoc] INFO  o.e.m.c.i.e.AbstractTransferListenerAdapter - Downloading https://repo.maven.apache.org/maven2/io/smallrye/jandex/3.1.2/jandex-3.1.2-sources.jar
2025-05-30 21:52:37,796 [Worker-5: Download sources and javadoc] INFO  o.e.m.c.i.e.AbstractTransferListenerAdapter - Downloaded https://repo.maven.apache.org/maven2/io/smallrye/jandex/3.1.2/jandex-3.1.2-sources.jar
2025-05-30 21:52:37,801 [Worker-5: Download sources and javadoc] INFO  o.e.m.j.internal.DownloadSourcesJob - Downloaded sources for io.smallrye:jandex:3.1.2
2025-05-30 21:52:38,002 [Worker-5: Download sources and javadoc] INFO  o.e.m.c.i.e.AbstractTransferListenerAdapter - Downloading https://repo.maven.apache.org/maven2/com/fasterxml/classmate/1.5.1/classmate-1.5.1-sources.jar
2025-05-30 21:52:38,069 [Worker-5: Download sources and javadoc] INFO  o.e.m.c.i.e.AbstractTransferListenerAdapter - Downloaded https://repo.maven.apache.org/maven2/com/fasterxml/classmate/1.5.1/classmate-1.5.1-sources.jar
2025-05-30 21:52:38,074 [Worker-5: Download sources and javadoc] INFO  o.e.m.j.internal.DownloadSourcesJob - Downloaded sources for com.fasterxml:classmate:1.5.1
2025-05-30 21:52:38,230 [Worker-5: Download sources and javadoc] INFO  o.e.m.c.i.e.AbstractTransferListenerAdapter - Downloading https://repo.maven.apache.org/maven2/net/bytebuddy/byte-buddy/1.14.7/byte-buddy-1.14.7-sources.jar
2025-05-30 21:52:38,896 [Worker-5: Download sources and javadoc] INFO  o.e.m.c.i.e.AbstractTransferListenerAdapter - Downloaded https://repo.maven.apache.org/maven2/net/bytebuddy/byte-buddy/1.14.7/byte-buddy-1.14.7-sources.jar
2025-05-30 21:52:38,900 [Worker-5: Download sources and javadoc] INFO  o.e.m.j.internal.DownloadSourcesJob - Downloaded sources for net.bytebuddy:byte-buddy:1.14.7
2025-05-30 21:52:39,048 [Worker-5: Download sources and javadoc] INFO  o.e.m.c.i.e.AbstractTransferListenerAdapter - Downloading https://repo.maven.apache.org/maven2/jakarta/xml/bind/jakarta.xml.bind-api/4.0.0/jakarta.xml.bind-api-4.0.0-sources.jar
2025-05-30 21:52:39,156 [Worker-5: Download sources and javadoc] INFO  o.e.m.c.i.e.AbstractTransferListenerAdapter - Downloaded https://repo.maven.apache.org/maven2/jakarta/xml/bind/jakarta.xml.bind-api/4.0.0/jakarta.xml.bind-api-4.0.0-sources.jar
2025-05-30 21:52:39,162 [Worker-5: Download sources and javadoc] INFO  o.e.m.j.internal.DownloadSourcesJob - Downloaded sources for jakarta.xml.bind:jakarta.xml.bind-api:4.0.0
2025-05-30 21:52:39,290 [Worker-5: Download sources and javadoc] INFO  o.e.m.c.i.e.AbstractTransferListenerAdapter - Downloading https://repo.maven.apache.org/maven2/jakarta/activation/jakarta.activation-api/2.1.0/jakarta.activation-api-2.1.0-sources.jar
2025-05-30 21:52:39,343 [Worker-5: Download sources and javadoc] INFO  o.e.m.c.i.e.AbstractTransferListenerAdapter - Downloaded https://repo.maven.apache.org/maven2/jakarta/activation/jakarta.activation-api/2.1.0/jakarta.activation-api-2.1.0-sources.jar
2025-05-30 21:52:39,350 [Worker-5: Download sources and javadoc] INFO  o.e.m.j.internal.DownloadSourcesJob - Downloaded sources for jakarta.activation:jakarta.activation-api:2.1.0
2025-05-30 21:52:39,482 [Worker-5: Download sources and javadoc] INFO  o.e.m.c.i.e.AbstractTransferListenerAdapter - Downloading https://repo.maven.apache.org/maven2/org/glassfish/jaxb/jaxb-runtime/4.0.2/jaxb-runtime-4.0.2-sources.jar
2025-05-30 21:52:39,674 [Worker-5: Download sources and javadoc] INFO  o.e.m.c.i.e.AbstractTransferListenerAdapter - Downloaded https://repo.maven.apache.org/maven2/org/glassfish/jaxb/jaxb-runtime/4.0.2/jaxb-runtime-4.0.2-sources.jar
2025-05-30 21:52:39,678 [Worker-5: Download sources and javadoc] INFO  o.e.m.j.internal.DownloadSourcesJob - Downloaded sources for org.glassfish.jaxb:jaxb-runtime:4.0.2
2025-05-30 21:52:39,836 [Worker-5: Download sources and javadoc] INFO  o.e.m.c.i.e.AbstractTransferListenerAdapter - Downloading https://repo.maven.apache.org/maven2/org/glassfish/jaxb/jaxb-core/4.0.2/jaxb-core-4.0.2-sources.jar
2025-05-30 21:52:39,926 [Worker-5: Download sources and javadoc] INFO  o.e.m.c.i.e.AbstractTransferListenerAdapter - Downloaded https://repo.maven.apache.org/maven2/org/glassfish/jaxb/jaxb-core/4.0.2/jaxb-core-4.0.2-sources.jar
2025-05-30 21:52:39,932 [Worker-5: Download sources and javadoc] INFO  o.e.m.j.internal.DownloadSourcesJob - Downloaded sources for org.glassfish.jaxb:jaxb-core:4.0.2
2025-05-30 21:52:40,068 [Worker-5: Download sources and javadoc] INFO  o.e.m.c.i.e.AbstractTransferListenerAdapter - Downloading https://repo.maven.apache.org/maven2/org/eclipse/angus/angus-activation/2.0.0/angus-activation-2.0.0-sources.jar
2025-05-30 21:52:40,084 [Worker-5: Download sources and javadoc] INFO  o.e.m.c.i.e.AbstractTransferListenerAdapter - Downloaded https://repo.maven.apache.org/maven2/org/eclipse/angus/angus-activation/2.0.0/angus-activation-2.0.0-sources.jar
2025-05-30 21:52:40,089 [Worker-5: Download sources and javadoc] INFO  o.e.m.j.internal.DownloadSourcesJob - Downloaded sources for org.eclipse.angus:angus-activation:2.0.0
2025-05-30 21:52:40,237 [Worker-5: Download sources and javadoc] INFO  o.e.m.c.i.e.AbstractTransferListenerAdapter - Downloading https://repo.maven.apache.org/maven2/org/glassfish/jaxb/txw2/4.0.2/txw2-4.0.2-sources.jar
2025-05-30 21:52:40,303 [Worker-5: Download sources and javadoc] INFO  o.e.m.c.i.e.AbstractTransferListenerAdapter - Downloaded https://repo.maven.apache.org/maven2/org/glassfish/jaxb/txw2/4.0.2/txw2-4.0.2-sources.jar
2025-05-30 21:52:40,307 [Worker-5: Download sources and javadoc] INFO  o.e.m.j.internal.DownloadSourcesJob - Downloaded sources for org.glassfish.jaxb:txw2:4.0.2
2025-05-30 21:52:40,515 [Worker-5: Download sources and javadoc] INFO  o.e.m.c.i.e.AbstractTransferListenerAdapter - Downloading https://repo.maven.apache.org/maven2/com/sun/istack/istack-commons-runtime/4.1.1/istack-commons-runtime-4.1.1-sources.jar
2025-05-30 21:52:40,548 [Worker-5: Download sources and javadoc] INFO  o.e.m.c.i.e.AbstractTransferListenerAdapter - Downloaded https://repo.maven.apache.org/maven2/com/sun/istack/istack-commons-runtime/4.1.1/istack-commons-runtime-4.1.1-sources.jar
2025-05-30 21:52:40,553 [Worker-5: Download sources and javadoc] INFO  o.e.m.j.internal.DownloadSourcesJob - Downloaded sources for com.sun.istack:istack-commons-runtime:4.1.1
2025-05-30 21:52:40,686 [Worker-5: Download sources and javadoc] INFO  o.e.m.c.i.e.AbstractTransferListenerAdapter - Downloading https://repo.maven.apache.org/maven2/jakarta/inject/jakarta.inject-api/2.0.1/jakarta.inject-api-2.0.1-sources.jar
2025-05-30 21:52:40,693 [Worker-5: Download sources and javadoc] INFO  o.e.m.c.i.e.AbstractTransferListenerAdapter - Downloaded https://repo.maven.apache.org/maven2/jakarta/inject/jakarta.inject-api/2.0.1/jakarta.inject-api-2.0.1-sources.jar
2025-05-30 21:52:40,699 [Worker-5: Download sources and javadoc] INFO  o.e.m.j.internal.DownloadSourcesJob - Downloaded sources for jakarta.inject:jakarta.inject-api:2.0.1
2025-05-30 21:52:40,759 [Worker-0: Updating Maven Dependencies] WARN  o.e.m.c.i.embedder.EclipseLogger - The artifact org.hibernate:hibernate-core:jar:6.4.0.Final has been relocated to org.hibernate.orm:hibernate-core:jar:6.4.0.Final
2025-05-30 21:52:40,852 [Worker-5: Download sources and javadoc] INFO  o.e.m.c.i.e.AbstractTransferListenerAdapter - Downloading https://repo.maven.apache.org/maven2/org/antlr/antlr4-runtime/4.13.0/antlr4-runtime-4.13.0-sources.jar
2025-05-30 21:52:41,039 [Worker-5: Download sources and javadoc] INFO  o.e.m.c.i.e.AbstractTransferListenerAdapter - Downloaded https://repo.maven.apache.org/maven2/org/antlr/antlr4-runtime/4.13.0/antlr4-runtime-4.13.0-sources.jar
2025-05-30 21:52:41,046 [Worker-5: Download sources and javadoc] INFO  o.e.m.j.internal.DownloadSourcesJob - Downloaded sources for org.antlr:antlr4-runtime:4.13.0
2025-05-30 21:52:41,500 [Worker-5: Download sources and javadoc] INFO  o.e.m.c.i.e.AbstractTransferListenerAdapter - Downloading https://repo.maven.apache.org/maven2/net/sf/ucanaccess/ucanaccess/5.0.1/ucanaccess-5.0.1-sources.jar
2025-05-30 21:52:41,635 [Worker-5: Download sources and javadoc] INFO  o.e.m.c.i.e.AbstractTransferListenerAdapter - Downloaded https://repo.maven.apache.org/maven2/net/sf/ucanaccess/ucanaccess/5.0.1/ucanaccess-5.0.1-sources.jar
2025-05-30 21:52:41,640 [Worker-5: Download sources and javadoc] INFO  o.e.m.j.internal.DownloadSourcesJob - Downloaded sources for net.sf.ucanaccess:ucanaccess:5.0.1
2025-05-30 21:52:41,793 [Worker-5: Download sources and javadoc] INFO  o.e.m.c.i.e.AbstractTransferListenerAdapter - Downloading https://repo.maven.apache.org/maven2/org/hsqldb/hsqldb/2.5.0/hsqldb-2.5.0-sources.jar
2025-05-30 21:52:42,260 [Worker-5: Download sources and javadoc] INFO  o.e.m.c.i.e.AbstractTransferListenerAdapter - Downloaded https://repo.maven.apache.org/maven2/org/hsqldb/hsqldb/2.5.0/hsqldb-2.5.0-sources.jar
2025-05-30 21:52:42,264 [Worker-5: Download sources and javadoc] INFO  o.e.m.j.internal.DownloadSourcesJob - Downloaded sources for org.hsqldb:hsqldb:2.5.0
2025-05-30 21:52:42,406 [Worker-5: Download sources and javadoc] INFO  o.e.m.c.i.e.AbstractTransferListenerAdapter - Downloading https://repo.maven.apache.org/maven2/com/healthmarketscience/jackcess/jackcess/3.0.1/jackcess-3.0.1-sources.jar
2025-05-30 21:52:42,686 [Worker-5: Download sources and javadoc] INFO  o.e.m.c.i.e.AbstractTransferListenerAdapter - Downloaded https://repo.maven.apache.org/maven2/com/healthmarketscience/jackcess/jackcess/3.0.1/jackcess-3.0.1-sources.jar
2025-05-30 21:52:42,690 [Worker-5: Download sources and javadoc] INFO  o.e.m.j.internal.DownloadSourcesJob - Downloaded sources for com.healthmarketscience.jackcess:jackcess:3.0.1
2025-05-30 21:52:42,829 [Worker-5: Download sources and javadoc] INFO  o.e.m.c.i.e.AbstractTransferListenerAdapter - Downloading https://repo.maven.apache.org/maven2/org/apache/commons/commons-lang3/3.8.1/commons-lang3-3.8.1-sources.jar
2025-05-30 21:52:43,028 [Worker-5: Download sources and javadoc] INFO  o.e.m.c.i.e.AbstractTransferListenerAdapter - Downloaded https://repo.maven.apache.org/maven2/org/apache/commons/commons-lang3/3.8.1/commons-lang3-3.8.1-sources.jar
2025-05-30 21:52:43,035 [Worker-5: Download sources and javadoc] INFO  o.e.m.j.internal.DownloadSourcesJob - Downloaded sources for org.apache.commons:commons-lang3:3.8.1
2025-05-30 22:11:56,797 [Worker-22: Building] WARN  o.a.m.s.f.DefaultMavenResourcesFiltering - Using platform encoding (UTF-8 actually) to copy filtered resources, i.e. build is platform dependent!
2025-05-30 22:11:56,828 [Worker-22: Building] INFO  o.a.m.s.f.DefaultMavenResourcesFiltering - Copying 0 resource from src\main\resources to target\classes
2025-05-30 22:11:56,831 [Worker-22: Building] WARN  o.a.m.s.f.DefaultMavenResourcesFiltering - Using platform encoding (UTF-8 actually) to copy filtered resources, i.e. build is platform dependent!
2025-05-30 22:11:56,833 [Worker-22: Building] INFO  o.a.m.s.f.DefaultMavenResourcesFiltering - Copying 0 resource from src\test\resources to target\test-classes
2025-05-30 22:13:07,995 [Worker-23: Building] WARN  o.a.m.s.f.DefaultMavenResourcesFiltering - Using platform encoding (UTF-8 actually) to copy filtered resources, i.e. build is platform dependent!
2025-05-30 22:13:07,996 [Worker-23: Building] INFO  o.a.m.s.f.DefaultMavenResourcesFiltering - Copying 0 resource from src\main\resources to target\classes
2025-05-30 22:13:07,999 [Worker-23: Building] WARN  o.a.m.s.f.DefaultMavenResourcesFiltering - Using platform encoding (UTF-8 actually) to copy filtered resources, i.e. build is platform dependent!
2025-05-30 22:13:08,003 [Worker-23: Building] INFO  o.a.m.s.f.DefaultMavenResourcesFiltering - Copying 0 resource from src\test\resources to target\test-classes
2025-05-30 22:18:12,978 [Worker-21: Building] WARN  o.a.m.s.f.DefaultMavenResourcesFiltering - Using platform encoding (UTF-8 actually) to copy filtered resources, i.e. build is platform dependent!
2025-05-30 22:18:12,979 [Worker-21: Building] INFO  o.a.m.s.f.DefaultMavenResourcesFiltering - Copying 0 resource from src\main\resources to target\classes
2025-05-30 22:18:12,982 [Worker-21: Building] WARN  o.a.m.s.f.DefaultMavenResourcesFiltering - Using platform encoding (UTF-8 actually) to copy filtered resources, i.e. build is platform dependent!
2025-05-30 22:18:12,982 [Worker-21: Building] INFO  o.a.m.s.f.DefaultMavenResourcesFiltering - Copying 0 resource from src\test\resources to target\test-classes
2025-05-30 22:18:18,491 [Worker-24: Building] WARN  o.a.m.s.f.DefaultMavenResourcesFiltering - Using platform encoding (UTF-8 actually) to copy filtered resources, i.e. build is platform dependent!
2025-05-30 22:18:18,494 [Worker-24: Building] INFO  o.a.m.s.f.DefaultMavenResourcesFiltering - Copying 0 resource from src\main\resources to target\classes
2025-05-30 22:18:18,498 [Worker-24: Building] WARN  o.a.m.s.f.DefaultMavenResourcesFiltering - Using platform encoding (UTF-8 actually) to copy filtered resources, i.e. build is platform dependent!
2025-05-30 22:18:18,499 [Worker-24: Building] INFO  o.a.m.s.f.DefaultMavenResourcesFiltering - Copying 0 resource from src\test\resources to target\test-classes
2025-05-30 22:18:26,557 [Worker-23: Building] WARN  o.a.m.s.f.DefaultMavenResourcesFiltering - Using platform encoding (UTF-8 actually) to copy filtered resources, i.e. build is platform dependent!
2025-05-30 22:18:26,563 [Worker-23: Building] INFO  o.a.m.s.f.DefaultMavenResourcesFiltering - Copying 0 resource from src\main\resources to target\classes
2025-05-30 22:18:26,565 [Worker-23: Building] WARN  o.a.m.s.f.DefaultMavenResourcesFiltering - Using platform encoding (UTF-8 actually) to copy filtered resources, i.e. build is platform dependent!
2025-05-30 22:18:26,569 [Worker-23: Building] INFO  o.a.m.s.f.DefaultMavenResourcesFiltering - Copying 0 resource from src\test\resources to target\test-classes
2025-05-30 22:19:08,064 [Worker-23: Building] INFO  o.e.m.c.i.l.LifecycleMappingFactory - Using org.eclipse.m2e.jdt.JarLifecycleMapping lifecycle mapping for MavenProject: CreditHibernateMaven:CreditHibernateMaven:0.0.1-SNAPSHOT @ D:\Code\Java_Uck\sv-BuiHaiDang\CreditHibernateMaven_main\pom.xml.
2025-05-30 22:19:08,338 [Worker-23: Building] WARN  o.e.m.c.i.embedder.EclipseLogger - The artifact org.hibernate:hibernate-core:jar:6.4.0.Final has been relocated to org.hibernate.orm:hibernate-core:jar:6.4.0.Final
2025-05-30 22:19:08,451 [Worker-23: Building] WARN  o.a.m.s.f.DefaultMavenResourcesFiltering - Using platform encoding (UTF-8 actually) to copy filtered resources, i.e. build is platform dependent!
2025-05-30 22:19:08,453 [Worker-23: Building] INFO  o.a.m.s.f.DefaultMavenResourcesFiltering - Copying 0 resource from src\main\resources to target\classes
2025-05-30 22:19:08,459 [Worker-23: Building] WARN  o.a.m.s.f.DefaultMavenResourcesFiltering - Using platform encoding (UTF-8 actually) to copy filtered resources, i.e. build is platform dependent!
2025-05-30 22:19:08,461 [Worker-23: Building] INFO  o.a.m.s.f.DefaultMavenResourcesFiltering - Copying 0 resource from src\test\resources to target\test-classes
2025-05-30 22:19:09,723 [Worker-21: Building] WARN  o.a.m.s.f.DefaultMavenResourcesFiltering - Using platform encoding (UTF-8 actually) to copy filtered resources, i.e. build is platform dependent!
2025-05-30 22:19:09,725 [Worker-21: Building] INFO  o.a.m.s.f.DefaultMavenResourcesFiltering - Copying 0 resource from src\main\resources to target\classes
2025-05-30 22:19:09,727 [Worker-21: Building] WARN  o.a.m.s.f.DefaultMavenResourcesFiltering - Using platform encoding (UTF-8 actually) to copy filtered resources, i.e. build is platform dependent!
2025-05-30 22:19:09,728 [Worker-21: Building] INFO  o.a.m.s.f.DefaultMavenResourcesFiltering - Copying 0 resource from src\test\resources to target\test-classes
2025-05-30 22:19:30,830 [Worker-21: Building] WARN  o.a.m.s.f.DefaultMavenResourcesFiltering - Using platform encoding (UTF-8 actually) to copy filtered resources, i.e. build is platform dependent!
2025-05-30 22:19:30,831 [Worker-21: Building] INFO  o.a.m.s.f.DefaultMavenResourcesFiltering - Copying 0 resource from src\main\resources to target\classes
2025-05-30 22:19:30,833 [Worker-21: Building] WARN  o.a.m.s.f.DefaultMavenResourcesFiltering - Using platform encoding (UTF-8 actually) to copy filtered resources, i.e. build is platform dependent!
2025-05-30 22:19:30,834 [Worker-21: Building] INFO  o.a.m.s.f.DefaultMavenResourcesFiltering - Copying 0 resource from src\test\resources to target\test-classes
2025-05-30 22:30:38,783 [Worker-28: Building] WARN  o.a.m.s.f.DefaultMavenResourcesFiltering - Using platform encoding (UTF-8 actually) to copy filtered resources, i.e. build is platform dependent!
2025-05-30 22:30:38,784 [Worker-28: Building] INFO  o.a.m.s.f.DefaultMavenResourcesFiltering - Copying 0 resource from src\main\resources to target\classes
2025-05-30 22:30:38,787 [Worker-28: Building] WARN  o.a.m.s.f.DefaultMavenResourcesFiltering - Using platform encoding (UTF-8 actually) to copy filtered resources, i.e. build is platform dependent!
2025-05-30 22:30:38,788 [Worker-28: Building] INFO  o.a.m.s.f.DefaultMavenResourcesFiltering - Copying 0 resource from src\test\resources to target\test-classes
2025-05-30 22:30:48,386 [Worker-28: Building] WARN  o.a.m.s.f.DefaultMavenResourcesFiltering - Using platform encoding (UTF-8 actually) to copy filtered resources, i.e. build is platform dependent!
2025-05-30 22:30:48,387 [Worker-28: Building] INFO  o.a.m.s.f.DefaultMavenResourcesFiltering - Copying 0 resource from src\main\resources to target\classes
2025-05-30 22:30:48,391 [Worker-28: Building] WARN  o.a.m.s.f.DefaultMavenResourcesFiltering - Using platform encoding (UTF-8 actually) to copy filtered resources, i.e. build is platform dependent!
2025-05-30 22:30:48,392 [Worker-28: Building] INFO  o.a.m.s.f.DefaultMavenResourcesFiltering - Copying 0 resource from src\test\resources to target\test-classes
2025-05-30 22:30:53,224 [Worker-28: Building] WARN  o.a.m.s.f.DefaultMavenResourcesFiltering - Using platform encoding (UTF-8 actually) to copy filtered resources, i.e. build is platform dependent!
2025-05-30 22:30:53,228 [Worker-28: Building] INFO  o.a.m.s.f.DefaultMavenResourcesFiltering - Copying 0 resource from src\main\resources to target\classes
2025-05-30 22:30:53,232 [Worker-28: Building] WARN  o.a.m.s.f.DefaultMavenResourcesFiltering - Using platform encoding (UTF-8 actually) to copy filtered resources, i.e. build is platform dependent!
2025-05-30 22:30:53,233 [Worker-28: Building] INFO  o.a.m.s.f.DefaultMavenResourcesFiltering - Copying 0 resource from src\test\resources to target\test-classes
2025-05-30 22:30:59,655 [Worker-30: Building] WARN  o.a.m.s.f.DefaultMavenResourcesFiltering - Using platform encoding (UTF-8 actually) to copy filtered resources, i.e. build is platform dependent!
2025-05-30 22:30:59,656 [Worker-30: Building] INFO  o.a.m.s.f.DefaultMavenResourcesFiltering - Copying 0 resource from src\main\resources to target\classes
2025-05-30 22:30:59,661 [Worker-30: Building] WARN  o.a.m.s.f.DefaultMavenResourcesFiltering - Using platform encoding (UTF-8 actually) to copy filtered resources, i.e. build is platform dependent!
2025-05-30 22:30:59,663 [Worker-30: Building] INFO  o.a.m.s.f.DefaultMavenResourcesFiltering - Copying 0 resource from src\test\resources to target\test-classes
2025-05-30 22:31:03,828 [Worker-30: Building] WARN  o.a.m.s.f.DefaultMavenResourcesFiltering - Using platform encoding (UTF-8 actually) to copy filtered resources, i.e. build is platform dependent!
2025-05-30 22:31:03,828 [Worker-30: Building] INFO  o.a.m.s.f.DefaultMavenResourcesFiltering - Copying 0 resource from src\main\resources to target\classes
2025-05-30 22:31:03,832 [Worker-30: Building] WARN  o.a.m.s.f.DefaultMavenResourcesFiltering - Using platform encoding (UTF-8 actually) to copy filtered resources, i.e. build is platform dependent!
2025-05-30 22:31:03,833 [Worker-30: Building] INFO  o.a.m.s.f.DefaultMavenResourcesFiltering - Copying 0 resource from src\test\resources to target\test-classes
2025-05-30 22:31:04,870 [Worker-30: Building] WARN  o.a.m.s.f.DefaultMavenResourcesFiltering - Using platform encoding (UTF-8 actually) to copy filtered resources, i.e. build is platform dependent!
2025-05-30 22:31:04,871 [Worker-30: Building] INFO  o.a.m.s.f.DefaultMavenResourcesFiltering - Copying 0 resource from src\main\resources to target\classes
2025-05-30 22:31:04,876 [Worker-30: Building] WARN  o.a.m.s.f.DefaultMavenResourcesFiltering - Using platform encoding (UTF-8 actually) to copy filtered resources, i.e. build is platform dependent!
2025-05-30 22:31:04,877 [Worker-30: Building] INFO  o.a.m.s.f.DefaultMavenResourcesFiltering - Copying 0 resource from src\test\resources to target\test-classes
2025-05-30 22:31:11,073 [Worker-30: Building] WARN  o.a.m.s.f.DefaultMavenResourcesFiltering - Using platform encoding (UTF-8 actually) to copy filtered resources, i.e. build is platform dependent!
2025-05-30 22:31:11,074 [Worker-30: Building] INFO  o.a.m.s.f.DefaultMavenResourcesFiltering - Copying 0 resource from src\main\resources to target\classes
2025-05-30 22:31:11,078 [Worker-30: Building] WARN  o.a.m.s.f.DefaultMavenResourcesFiltering - Using platform encoding (UTF-8 actually) to copy filtered resources, i.e. build is platform dependent!
2025-05-30 22:31:11,078 [Worker-30: Building] INFO  o.a.m.s.f.DefaultMavenResourcesFiltering - Copying 0 resource from src\test\resources to target\test-classes
2025-05-30 22:31:16,115 [Worker-29: Building] WARN  o.a.m.s.f.DefaultMavenResourcesFiltering - Using platform encoding (UTF-8 actually) to copy filtered resources, i.e. build is platform dependent!
2025-05-30 22:31:16,116 [Worker-29: Building] INFO  o.a.m.s.f.DefaultMavenResourcesFiltering - Copying 0 resource from src\main\resources to target\classes
2025-05-30 22:31:16,118 [Worker-29: Building] WARN  o.a.m.s.f.DefaultMavenResourcesFiltering - Using platform encoding (UTF-8 actually) to copy filtered resources, i.e. build is platform dependent!
2025-05-30 22:31:16,119 [Worker-29: Building] INFO  o.a.m.s.f.DefaultMavenResourcesFiltering - Copying 0 resource from src\test\resources to target\test-classes
2025-05-30 22:31:21,032 [Worker-29: Building] WARN  o.a.m.s.f.DefaultMavenResourcesFiltering - Using platform encoding (UTF-8 actually) to copy filtered resources, i.e. build is platform dependent!
2025-05-30 22:31:21,033 [Worker-29: Building] INFO  o.a.m.s.f.DefaultMavenResourcesFiltering - Copying 0 resource from src\main\resources to target\classes
2025-05-30 22:31:21,036 [Worker-29: Building] WARN  o.a.m.s.f.DefaultMavenResourcesFiltering - Using platform encoding (UTF-8 actually) to copy filtered resources, i.e. build is platform dependent!
2025-05-30 22:31:21,037 [Worker-29: Building] INFO  o.a.m.s.f.DefaultMavenResourcesFiltering - Copying 0 resource from src\test\resources to target\test-classes
2025-05-30 22:31:22,081 [Worker-29: Building] WARN  o.a.m.s.f.DefaultMavenResourcesFiltering - Using platform encoding (UTF-8 actually) to copy filtered resources, i.e. build is platform dependent!
2025-05-30 22:31:22,082 [Worker-29: Building] INFO  o.a.m.s.f.DefaultMavenResourcesFiltering - Copying 0 resource from src\main\resources to target\classes
2025-05-30 22:31:22,085 [Worker-29: Building] WARN  o.a.m.s.f.DefaultMavenResourcesFiltering - Using platform encoding (UTF-8 actually) to copy filtered resources, i.e. build is platform dependent!
2025-05-30 22:31:22,086 [Worker-29: Building] INFO  o.a.m.s.f.DefaultMavenResourcesFiltering - Copying 0 resource from src\test\resources to target\test-classes
2025-05-30 22:33:03,688 [Worker-30: Building] WARN  o.a.m.s.f.DefaultMavenResourcesFiltering - Using platform encoding (UTF-8 actually) to copy filtered resources, i.e. build is platform dependent!
2025-05-30 22:33:03,689 [Worker-30: Building] INFO  o.a.m.s.f.DefaultMavenResourcesFiltering - Copying 0 resource from src\main\resources to target\classes
2025-05-30 22:33:03,692 [Worker-30: Building] WARN  o.a.m.s.f.DefaultMavenResourcesFiltering - Using platform encoding (UTF-8 actually) to copy filtered resources, i.e. build is platform dependent!
2025-05-30 22:33:03,694 [Worker-30: Building] INFO  o.a.m.s.f.DefaultMavenResourcesFiltering - Copying 0 resource from src\test\resources to target\test-classes
2025-05-30 22:33:07,210 [Worker-29: Building] WARN  o.a.m.s.f.DefaultMavenResourcesFiltering - Using platform encoding (UTF-8 actually) to copy filtered resources, i.e. build is platform dependent!
2025-05-30 22:33:07,211 [Worker-29: Building] INFO  o.a.m.s.f.DefaultMavenResourcesFiltering - Copying 0 resource from src\main\resources to target\classes
2025-05-30 22:33:07,213 [Worker-29: Building] WARN  o.a.m.s.f.DefaultMavenResourcesFiltering - Using platform encoding (UTF-8 actually) to copy filtered resources, i.e. build is platform dependent!
2025-05-30 22:33:07,214 [Worker-29: Building] INFO  o.a.m.s.f.DefaultMavenResourcesFiltering - Copying 0 resource from src\test\resources to target\test-classes
2025-05-30 22:33:22,958 [Worker-27: Building] WARN  o.a.m.s.f.DefaultMavenResourcesFiltering - Using platform encoding (UTF-8 actually) to copy filtered resources, i.e. build is platform dependent!
2025-05-30 22:33:22,958 [Worker-27: Building] INFO  o.a.m.s.f.DefaultMavenResourcesFiltering - Copying 0 resource from src\main\resources to target\classes
2025-05-30 22:33:22,960 [Worker-27: Building] WARN  o.a.m.s.f.DefaultMavenResourcesFiltering - Using platform encoding (UTF-8 actually) to copy filtered resources, i.e. build is platform dependent!
2025-05-30 22:33:22,963 [Worker-27: Building] INFO  o.a.m.s.f.DefaultMavenResourcesFiltering - Copying 0 resource from src\test\resources to target\test-classes
2025-05-30 22:33:32,324 [Worker-27: Building] WARN  o.a.m.s.f.DefaultMavenResourcesFiltering - Using platform encoding (UTF-8 actually) to copy filtered resources, i.e. build is platform dependent!
2025-05-30 22:33:32,325 [Worker-27: Building] INFO  o.a.m.s.f.DefaultMavenResourcesFiltering - Copying 0 resource from src\main\resources to target\classes
2025-05-30 22:33:32,328 [Worker-27: Building] WARN  o.a.m.s.f.DefaultMavenResourcesFiltering - Using platform encoding (UTF-8 actually) to copy filtered resources, i.e. build is platform dependent!
2025-05-30 22:33:32,329 [Worker-27: Building] INFO  o.a.m.s.f.DefaultMavenResourcesFiltering - Copying 0 resource from src\test\resources to target\test-classes
2025-05-30 22:33:34,779 [Worker-29: Building] WARN  o.a.m.s.f.DefaultMavenResourcesFiltering - Using platform encoding (UTF-8 actually) to copy filtered resources, i.e. build is platform dependent!
2025-05-30 22:33:34,780 [Worker-29: Building] INFO  o.a.m.s.f.DefaultMavenResourcesFiltering - Copying 0 resource from src\main\resources to target\classes
2025-05-30 22:33:34,782 [Worker-29: Building] WARN  o.a.m.s.f.DefaultMavenResourcesFiltering - Using platform encoding (UTF-8 actually) to copy filtered resources, i.e. build is platform dependent!
2025-05-30 22:33:34,784 [Worker-29: Building] INFO  o.a.m.s.f.DefaultMavenResourcesFiltering - Copying 0 resource from src\test\resources to target\test-classes
2025-05-30 22:34:07,818 [Worker-31: Building] WARN  o.a.m.s.f.DefaultMavenResourcesFiltering - Using platform encoding (UTF-8 actually) to copy filtered resources, i.e. build is platform dependent!
2025-05-30 22:34:07,820 [Worker-31: Building] INFO  o.a.m.s.f.DefaultMavenResourcesFiltering - Copying 0 resource from src\main\resources to target\classes
2025-05-30 22:34:07,823 [Worker-31: Building] WARN  o.a.m.s.f.DefaultMavenResourcesFiltering - Using platform encoding (UTF-8 actually) to copy filtered resources, i.e. build is platform dependent!
2025-05-30 22:34:07,825 [Worker-31: Building] INFO  o.a.m.s.f.DefaultMavenResourcesFiltering - Copying 0 resource from src\test\resources to target\test-classes
2025-05-30 22:34:09,944 [Worker-29: Building] WARN  o.a.m.s.f.DefaultMavenResourcesFiltering - Using platform encoding (UTF-8 actually) to copy filtered resources, i.e. build is platform dependent!
2025-05-30 22:34:09,945 [Worker-29: Building] INFO  o.a.m.s.f.DefaultMavenResourcesFiltering - Copying 0 resource from src\main\resources to target\classes
2025-05-30 22:34:09,948 [Worker-29: Building] WARN  o.a.m.s.f.DefaultMavenResourcesFiltering - Using platform encoding (UTF-8 actually) to copy filtered resources, i.e. build is platform dependent!
2025-05-30 22:34:09,949 [Worker-29: Building] INFO  o.a.m.s.f.DefaultMavenResourcesFiltering - Copying 0 resource from src\test\resources to target\test-classes
2025-05-30 22:34:16,278 [Worker-29: Building] WARN  o.a.m.s.f.DefaultMavenResourcesFiltering - Using platform encoding (UTF-8 actually) to copy filtered resources, i.e. build is platform dependent!
2025-05-30 22:34:16,278 [Worker-29: Building] INFO  o.a.m.s.f.DefaultMavenResourcesFiltering - Copying 0 resource from src\main\resources to target\classes
2025-05-30 22:34:16,281 [Worker-29: Building] WARN  o.a.m.s.f.DefaultMavenResourcesFiltering - Using platform encoding (UTF-8 actually) to copy filtered resources, i.e. build is platform dependent!
2025-05-30 22:34:16,283 [Worker-29: Building] INFO  o.a.m.s.f.DefaultMavenResourcesFiltering - Copying 0 resource from src\test\resources to target\test-classes
2025-05-30 22:34:21,592 [Worker-30: Building] WARN  o.a.m.s.f.DefaultMavenResourcesFiltering - Using platform encoding (UTF-8 actually) to copy filtered resources, i.e. build is platform dependent!
2025-05-30 22:34:21,593 [Worker-30: Building] INFO  o.a.m.s.f.DefaultMavenResourcesFiltering - Copying 0 resource from src\main\resources to target\classes
2025-05-30 22:34:21,596 [Worker-30: Building] WARN  o.a.m.s.f.DefaultMavenResourcesFiltering - Using platform encoding (UTF-8 actually) to copy filtered resources, i.e. build is platform dependent!
2025-05-30 22:34:21,597 [Worker-30: Building] INFO  o.a.m.s.f.DefaultMavenResourcesFiltering - Copying 0 resource from src\test\resources to target\test-classes
2025-05-30 22:34:26,898 [Worker-30: Building] WARN  o.a.m.s.f.DefaultMavenResourcesFiltering - Using platform encoding (UTF-8 actually) to copy filtered resources, i.e. build is platform dependent!
2025-05-30 22:34:26,899 [Worker-30: Building] INFO  o.a.m.s.f.DefaultMavenResourcesFiltering - Copying 0 resource from src\main\resources to target\classes
2025-05-30 22:34:26,900 [Worker-30: Building] WARN  o.a.m.s.f.DefaultMavenResourcesFiltering - Using platform encoding (UTF-8 actually) to copy filtered resources, i.e. build is platform dependent!
2025-05-30 22:34:26,901 [Worker-30: Building] INFO  o.a.m.s.f.DefaultMavenResourcesFiltering - Copying 0 resource from src\test\resources to target\test-classes
2025-05-30 22:34:30,279 [Worker-31: Building] WARN  o.a.m.s.f.DefaultMavenResourcesFiltering - Using platform encoding (UTF-8 actually) to copy filtered resources, i.e. build is platform dependent!
2025-05-30 22:34:30,280 [Worker-31: Building] INFO  o.a.m.s.f.DefaultMavenResourcesFiltering - Copying 0 resource from src\main\resources to target\classes
2025-05-30 22:34:30,283 [Worker-31: Building] WARN  o.a.m.s.f.DefaultMavenResourcesFiltering - Using platform encoding (UTF-8 actually) to copy filtered resources, i.e. build is platform dependent!
2025-05-30 22:34:30,284 [Worker-31: Building] INFO  o.a.m.s.f.DefaultMavenResourcesFiltering - Copying 0 resource from src\test\resources to target\test-classes
2025-05-30 22:34:41,620 [Worker-30: Building] WARN  o.a.m.s.f.DefaultMavenResourcesFiltering - Using platform encoding (UTF-8 actually) to copy filtered resources, i.e. build is platform dependent!
2025-05-30 22:34:41,621 [Worker-30: Building] INFO  o.a.m.s.f.DefaultMavenResourcesFiltering - Copying 0 resource from src\main\resources to target\classes
2025-05-30 22:34:41,622 [Worker-30: Building] WARN  o.a.m.s.f.DefaultMavenResourcesFiltering - Using platform encoding (UTF-8 actually) to copy filtered resources, i.e. build is platform dependent!
2025-05-30 22:34:41,623 [Worker-30: Building] INFO  o.a.m.s.f.DefaultMavenResourcesFiltering - Copying 0 resource from src\test\resources to target\test-classes
2025-05-30 22:34:43,934 [Worker-28: Building] WARN  o.a.m.s.f.DefaultMavenResourcesFiltering - Using platform encoding (UTF-8 actually) to copy filtered resources, i.e. build is platform dependent!
2025-05-30 22:34:43,935 [Worker-28: Building] INFO  o.a.m.s.f.DefaultMavenResourcesFiltering - Copying 0 resource from src\main\resources to target\classes
2025-05-30 22:34:43,937 [Worker-28: Building] WARN  o.a.m.s.f.DefaultMavenResourcesFiltering - Using platform encoding (UTF-8 actually) to copy filtered resources, i.e. build is platform dependent!
2025-05-30 22:34:43,938 [Worker-28: Building] INFO  o.a.m.s.f.DefaultMavenResourcesFiltering - Copying 0 resource from src\test\resources to target\test-classes
2025-05-30 22:34:47,692 [Worker-28: Building] WARN  o.a.m.s.f.DefaultMavenResourcesFiltering - Using platform encoding (UTF-8 actually) to copy filtered resources, i.e. build is platform dependent!
2025-05-30 22:34:47,693 [Worker-28: Building] INFO  o.a.m.s.f.DefaultMavenResourcesFiltering - Copying 0 resource from src\main\resources to target\classes
2025-05-30 22:34:47,696 [Worker-28: Building] WARN  o.a.m.s.f.DefaultMavenResourcesFiltering - Using platform encoding (UTF-8 actually) to copy filtered resources, i.e. build is platform dependent!
2025-05-30 22:34:47,697 [Worker-28: Building] INFO  o.a.m.s.f.DefaultMavenResourcesFiltering - Copying 0 resource from src\test\resources to target\test-classes
2025-05-30 22:34:48,847 [Worker-31: Building] WARN  o.a.m.s.f.DefaultMavenResourcesFiltering - Using platform encoding (UTF-8 actually) to copy filtered resources, i.e. build is platform dependent!
2025-05-30 22:34:48,848 [Worker-31: Building] INFO  o.a.m.s.f.DefaultMavenResourcesFiltering - Copying 0 resource from src\main\resources to target\classes
2025-05-30 22:34:48,850 [Worker-31: Building] WARN  o.a.m.s.f.DefaultMavenResourcesFiltering - Using platform encoding (UTF-8 actually) to copy filtered resources, i.e. build is platform dependent!
2025-05-30 22:34:48,851 [Worker-31: Building] INFO  o.a.m.s.f.DefaultMavenResourcesFiltering - Copying 0 resource from src\test\resources to target\test-classes
2025-05-30 22:35:02,602 [Worker-30: Building] WARN  o.a.m.s.f.DefaultMavenResourcesFiltering - Using platform encoding (UTF-8 actually) to copy filtered resources, i.e. build is platform dependent!
2025-05-30 22:35:02,604 [Worker-30: Building] INFO  o.a.m.s.f.DefaultMavenResourcesFiltering - Copying 0 resource from src\main\resources to target\classes
2025-05-30 22:35:02,607 [Worker-30: Building] WARN  o.a.m.s.f.DefaultMavenResourcesFiltering - Using platform encoding (UTF-8 actually) to copy filtered resources, i.e. build is platform dependent!
2025-05-30 22:35:02,608 [Worker-30: Building] INFO  o.a.m.s.f.DefaultMavenResourcesFiltering - Copying 0 resource from src\test\resources to target\test-classes
2025-05-30 22:35:19,073 [Worker-31: Building] WARN  o.a.m.s.f.DefaultMavenResourcesFiltering - Using platform encoding (UTF-8 actually) to copy filtered resources, i.e. build is platform dependent!
2025-05-30 22:35:19,074 [Worker-31: Building] INFO  o.a.m.s.f.DefaultMavenResourcesFiltering - Copying 0 resource from src\main\resources to target\classes
2025-05-30 22:35:19,076 [Worker-31: Building] WARN  o.a.m.s.f.DefaultMavenResourcesFiltering - Using platform encoding (UTF-8 actually) to copy filtered resources, i.e. build is platform dependent!
2025-05-30 22:35:19,077 [Worker-31: Building] INFO  o.a.m.s.f.DefaultMavenResourcesFiltering - Copying 0 resource from src\test\resources to target\test-classes
2025-05-30 22:35:24,006 [Worker-30: Building] WARN  o.a.m.s.f.DefaultMavenResourcesFiltering - Using platform encoding (UTF-8 actually) to copy filtered resources, i.e. build is platform dependent!
2025-05-30 22:35:24,007 [Worker-30: Building] INFO  o.a.m.s.f.DefaultMavenResourcesFiltering - Copying 0 resource from src\main\resources to target\classes
2025-05-30 22:35:24,010 [Worker-30: Building] WARN  o.a.m.s.f.DefaultMavenResourcesFiltering - Using platform encoding (UTF-8 actually) to copy filtered resources, i.e. build is platform dependent!
2025-05-30 22:35:24,011 [Worker-30: Building] INFO  o.a.m.s.f.DefaultMavenResourcesFiltering - Copying 0 resource from src\test\resources to target\test-classes
2025-05-30 22:35:44,240 [Worker-27: Building] WARN  o.a.m.s.f.DefaultMavenResourcesFiltering - Using platform encoding (UTF-8 actually) to copy filtered resources, i.e. build is platform dependent!
2025-05-30 22:35:44,241 [Worker-27: Building] INFO  o.a.m.s.f.DefaultMavenResourcesFiltering - Copying 0 resource from src\main\resources to target\classes
2025-05-30 22:35:44,243 [Worker-27: Building] WARN  o.a.m.s.f.DefaultMavenResourcesFiltering - Using platform encoding (UTF-8 actually) to copy filtered resources, i.e. build is platform dependent!
2025-05-30 22:35:44,244 [Worker-27: Building] INFO  o.a.m.s.f.DefaultMavenResourcesFiltering - Copying 0 resource from src\test\resources to target\test-classes
2025-05-30 22:36:07,406 [Worker-32: Building] WARN  o.a.m.s.f.DefaultMavenResourcesFiltering - Using platform encoding (UTF-8 actually) to copy filtered resources, i.e. build is platform dependent!
2025-05-30 22:36:07,408 [Worker-32: Building] INFO  o.a.m.s.f.DefaultMavenResourcesFiltering - Copying 0 resource from src\main\resources to target\classes
2025-05-30 22:36:07,408 [Worker-32: Building] WARN  o.a.m.s.f.DefaultMavenResourcesFiltering - Using platform encoding (UTF-8 actually) to copy filtered resources, i.e. build is platform dependent!
2025-05-30 22:36:07,409 [Worker-32: Building] INFO  o.a.m.s.f.DefaultMavenResourcesFiltering - Copying 0 resource from src\test\resources to target\test-classes
2025-05-30 22:36:12,630 [Worker-30: Building] WARN  o.a.m.s.f.DefaultMavenResourcesFiltering - Using platform encoding (UTF-8 actually) to copy filtered resources, i.e. build is platform dependent!
2025-05-30 22:36:12,656 [Worker-30: Building] INFO  o.a.m.s.f.DefaultMavenResourcesFiltering - Copying 0 resource from src\main\resources to target\classes
2025-05-30 22:36:12,660 [Worker-30: Building] WARN  o.a.m.s.f.DefaultMavenResourcesFiltering - Using platform encoding (UTF-8 actually) to copy filtered resources, i.e. build is platform dependent!
2025-05-30 22:36:12,661 [Worker-30: Building] INFO  o.a.m.s.f.DefaultMavenResourcesFiltering - Copying 0 resource from src\test\resources to target\test-classes
2025-05-30 22:36:46,042 [Worker-27: Building] WARN  o.a.m.s.f.DefaultMavenResourcesFiltering - Using platform encoding (UTF-8 actually) to copy filtered resources, i.e. build is platform dependent!
2025-05-30 22:36:46,043 [Worker-27: Building] INFO  o.a.m.s.f.DefaultMavenResourcesFiltering - Copying 0 resource from src\main\resources to target\classes
2025-05-30 22:36:46,044 [Worker-27: Building] WARN  o.a.m.s.f.DefaultMavenResourcesFiltering - Using platform encoding (UTF-8 actually) to copy filtered resources, i.e. build is platform dependent!
2025-05-30 22:36:46,045 [Worker-27: Building] INFO  o.a.m.s.f.DefaultMavenResourcesFiltering - Copying 0 resource from src\test\resources to target\test-classes
2025-05-30 22:37:09,578 [Worker-30: Building] WARN  o.a.m.s.f.DefaultMavenResourcesFiltering - Using platform encoding (UTF-8 actually) to copy filtered resources, i.e. build is platform dependent!
2025-05-30 22:37:09,579 [Worker-30: Building] INFO  o.a.m.s.f.DefaultMavenResourcesFiltering - Copying 0 resource from src\main\resources to target\classes
2025-05-30 22:37:09,581 [Worker-30: Building] WARN  o.a.m.s.f.DefaultMavenResourcesFiltering - Using platform encoding (UTF-8 actually) to copy filtered resources, i.e. build is platform dependent!
2025-05-30 22:37:09,582 [Worker-30: Building] INFO  o.a.m.s.f.DefaultMavenResourcesFiltering - Copying 0 resource from src\test\resources to target\test-classes
2025-05-30 22:37:12,699 [Worker-30: Building] WARN  o.a.m.s.f.DefaultMavenResourcesFiltering - Using platform encoding (UTF-8 actually) to copy filtered resources, i.e. build is platform dependent!
2025-05-30 22:37:12,700 [Worker-30: Building] INFO  o.a.m.s.f.DefaultMavenResourcesFiltering - Copying 0 resource from src\main\resources to target\classes
2025-05-30 22:37:12,702 [Worker-30: Building] WARN  o.a.m.s.f.DefaultMavenResourcesFiltering - Using platform encoding (UTF-8 actually) to copy filtered resources, i.e. build is platform dependent!
2025-05-30 22:37:12,703 [Worker-30: Building] INFO  o.a.m.s.f.DefaultMavenResourcesFiltering - Copying 0 resource from src\test\resources to target\test-classes
2025-05-30 22:37:17,919 [Worker-31: Building] WARN  o.a.m.s.f.DefaultMavenResourcesFiltering - Using platform encoding (UTF-8 actually) to copy filtered resources, i.e. build is platform dependent!
2025-05-30 22:37:17,921 [Worker-31: Building] INFO  o.a.m.s.f.DefaultMavenResourcesFiltering - Copying 0 resource from src\main\resources to target\classes
2025-05-30 22:37:17,925 [Worker-31: Building] WARN  o.a.m.s.f.DefaultMavenResourcesFiltering - Using platform encoding (UTF-8 actually) to copy filtered resources, i.e. build is platform dependent!
2025-05-30 22:37:17,925 [Worker-31: Building] INFO  o.a.m.s.f.DefaultMavenResourcesFiltering - Copying 0 resource from src\test\resources to target\test-classes
2025-05-30 22:37:25,441 [Worker-27: Building] WARN  o.a.m.s.f.DefaultMavenResourcesFiltering - Using platform encoding (UTF-8 actually) to copy filtered resources, i.e. build is platform dependent!
2025-05-30 22:37:25,443 [Worker-27: Building] INFO  o.a.m.s.f.DefaultMavenResourcesFiltering - Copying 0 resource from src\main\resources to target\classes
2025-05-30 22:37:25,445 [Worker-27: Building] WARN  o.a.m.s.f.DefaultMavenResourcesFiltering - Using platform encoding (UTF-8 actually) to copy filtered resources, i.e. build is platform dependent!
2025-05-30 22:37:25,446 [Worker-27: Building] INFO  o.a.m.s.f.DefaultMavenResourcesFiltering - Copying 0 resource from src\test\resources to target\test-classes
2025-05-30 22:37:31,357 [Worker-29: Building] WARN  o.a.m.s.f.DefaultMavenResourcesFiltering - Using platform encoding (UTF-8 actually) to copy filtered resources, i.e. build is platform dependent!
2025-05-30 22:37:31,358 [Worker-29: Building] INFO  o.a.m.s.f.DefaultMavenResourcesFiltering - Copying 0 resource from src\main\resources to target\classes
2025-05-30 22:37:31,360 [Worker-29: Building] WARN  o.a.m.s.f.DefaultMavenResourcesFiltering - Using platform encoding (UTF-8 actually) to copy filtered resources, i.e. build is platform dependent!
2025-05-30 22:37:31,361 [Worker-29: Building] INFO  o.a.m.s.f.DefaultMavenResourcesFiltering - Copying 0 resource from src\test\resources to target\test-classes
2025-05-30 22:37:37,981 [Worker-29: Building] WARN  o.a.m.s.f.DefaultMavenResourcesFiltering - Using platform encoding (UTF-8 actually) to copy filtered resources, i.e. build is platform dependent!
2025-05-30 22:37:37,982 [Worker-29: Building] INFO  o.a.m.s.f.DefaultMavenResourcesFiltering - Copying 0 resource from src\main\resources to target\classes
2025-05-30 22:37:37,983 [Worker-29: Building] WARN  o.a.m.s.f.DefaultMavenResourcesFiltering - Using platform encoding (UTF-8 actually) to copy filtered resources, i.e. build is platform dependent!
2025-05-30 22:37:37,984 [Worker-29: Building] INFO  o.a.m.s.f.DefaultMavenResourcesFiltering - Copying 0 resource from src\test\resources to target\test-classes
2025-05-30 22:37:45,572 [Worker-31: Building] WARN  o.a.m.s.f.DefaultMavenResourcesFiltering - Using platform encoding (UTF-8 actually) to copy filtered resources, i.e. build is platform dependent!
2025-05-30 22:37:45,573 [Worker-31: Building] INFO  o.a.m.s.f.DefaultMavenResourcesFiltering - Copying 0 resource from src\main\resources to target\classes
2025-05-30 22:37:45,576 [Worker-31: Building] WARN  o.a.m.s.f.DefaultMavenResourcesFiltering - Using platform encoding (UTF-8 actually) to copy filtered resources, i.e. build is platform dependent!
2025-05-30 22:37:45,577 [Worker-31: Building] INFO  o.a.m.s.f.DefaultMavenResourcesFiltering - Copying 0 resource from src\test\resources to target\test-classes
2025-05-30 22:37:46,673 [Worker-31: Building] WARN  o.a.m.s.f.DefaultMavenResourcesFiltering - Using platform encoding (UTF-8 actually) to copy filtered resources, i.e. build is platform dependent!
2025-05-30 22:37:46,673 [Worker-31: Building] INFO  o.a.m.s.f.DefaultMavenResourcesFiltering - Copying 0 resource from src\main\resources to target\classes
2025-05-30 22:37:46,677 [Worker-31: Building] WARN  o.a.m.s.f.DefaultMavenResourcesFiltering - Using platform encoding (UTF-8 actually) to copy filtered resources, i.e. build is platform dependent!
2025-05-30 22:37:46,678 [Worker-31: Building] INFO  o.a.m.s.f.DefaultMavenResourcesFiltering - Copying 0 resource from src\test\resources to target\test-classes
2025-05-30 22:37:55,894 [Worker-30: Building] WARN  o.a.m.s.f.DefaultMavenResourcesFiltering - Using platform encoding (UTF-8 actually) to copy filtered resources, i.e. build is platform dependent!
2025-05-30 22:37:55,895 [Worker-30: Building] INFO  o.a.m.s.f.DefaultMavenResourcesFiltering - Copying 0 resource from src\main\resources to target\classes
2025-05-30 22:37:55,898 [Worker-30: Building] WARN  o.a.m.s.f.DefaultMavenResourcesFiltering - Using platform encoding (UTF-8 actually) to copy filtered resources, i.e. build is platform dependent!
2025-05-30 22:37:55,898 [Worker-30: Building] INFO  o.a.m.s.f.DefaultMavenResourcesFiltering - Copying 0 resource from src\test\resources to target\test-classes
2025-05-30 22:38:00,041 [Worker-29: Building] WARN  o.a.m.s.f.DefaultMavenResourcesFiltering - Using platform encoding (UTF-8 actually) to copy filtered resources, i.e. build is platform dependent!
2025-05-30 22:38:00,042 [Worker-29: Building] INFO  o.a.m.s.f.DefaultMavenResourcesFiltering - Copying 0 resource from src\main\resources to target\classes
2025-05-30 22:38:00,044 [Worker-29: Building] WARN  o.a.m.s.f.DefaultMavenResourcesFiltering - Using platform encoding (UTF-8 actually) to copy filtered resources, i.e. build is platform dependent!
2025-05-30 22:38:00,045 [Worker-29: Building] INFO  o.a.m.s.f.DefaultMavenResourcesFiltering - Copying 0 resource from src\test\resources to target\test-classes
2025-05-30 22:38:38,276 [Worker-31: Building] WARN  o.a.m.s.f.DefaultMavenResourcesFiltering - Using platform encoding (UTF-8 actually) to copy filtered resources, i.e. build is platform dependent!
2025-05-30 22:38:38,281 [Worker-31: Building] INFO  o.a.m.s.f.DefaultMavenResourcesFiltering - Copying 0 resource from src\main\resources to target\classes
2025-05-30 22:38:38,284 [Worker-31: Building] WARN  o.a.m.s.f.DefaultMavenResourcesFiltering - Using platform encoding (UTF-8 actually) to copy filtered resources, i.e. build is platform dependent!
2025-05-30 22:38:38,286 [Worker-31: Building] INFO  o.a.m.s.f.DefaultMavenResourcesFiltering - Copying 0 resource from src\test\resources to target\test-classes
2025-05-30 22:38:55,863 [Worker-31: Building] WARN  o.a.m.s.f.DefaultMavenResourcesFiltering - Using platform encoding (UTF-8 actually) to copy filtered resources, i.e. build is platform dependent!
2025-05-30 22:38:55,865 [Worker-31: Building] INFO  o.a.m.s.f.DefaultMavenResourcesFiltering - Copying 0 resource from src\main\resources to target\classes
2025-05-30 22:38:55,867 [Worker-31: Building] WARN  o.a.m.s.f.DefaultMavenResourcesFiltering - Using platform encoding (UTF-8 actually) to copy filtered resources, i.e. build is platform dependent!
2025-05-30 22:38:55,868 [Worker-31: Building] INFO  o.a.m.s.f.DefaultMavenResourcesFiltering - Copying 0 resource from src\test\resources to target\test-classes
2025-05-30 22:39:08,694 [Worker-28: Building] WARN  o.a.m.s.f.DefaultMavenResourcesFiltering - Using platform encoding (UTF-8 actually) to copy filtered resources, i.e. build is platform dependent!
2025-05-30 22:39:08,695 [Worker-28: Building] INFO  o.a.m.s.f.DefaultMavenResourcesFiltering - Copying 0 resource from src\main\resources to target\classes
2025-05-30 22:39:08,696 [Worker-28: Building] WARN  o.a.m.s.f.DefaultMavenResourcesFiltering - Using platform encoding (UTF-8 actually) to copy filtered resources, i.e. build is platform dependent!
2025-05-30 22:39:08,697 [Worker-28: Building] INFO  o.a.m.s.f.DefaultMavenResourcesFiltering - Copying 0 resource from src\test\resources to target\test-classes
2025-05-30 22:56:09,051 [Worker-37: Building] WARN  o.a.m.s.f.DefaultMavenResourcesFiltering - Using platform encoding (UTF-8 actually) to copy filtered resources, i.e. build is platform dependent!
2025-05-30 22:56:09,077 [Worker-37: Building] INFO  o.a.m.s.f.DefaultMavenResourcesFiltering - Copying 0 resource from src\main\resources to target\classes
2025-05-30 22:56:09,083 [Worker-37: Building] WARN  o.a.m.s.f.DefaultMavenResourcesFiltering - Using platform encoding (UTF-8 actually) to copy filtered resources, i.e. build is platform dependent!
2025-05-30 22:56:09,084 [Worker-37: Building] INFO  o.a.m.s.f.DefaultMavenResourcesFiltering - Copying 0 resource from src\test\resources to target\test-classes
2025-05-30 22:58:34,630 [Worker-37: Building] WARN  o.a.m.s.f.DefaultMavenResourcesFiltering - Using platform encoding (UTF-8 actually) to copy filtered resources, i.e. build is platform dependent!
2025-05-30 22:58:34,632 [Worker-37: Building] INFO  o.a.m.s.f.DefaultMavenResourcesFiltering - Copying 0 resource from src\main\resources to target\classes
2025-05-30 22:58:34,636 [Worker-37: Building] WARN  o.a.m.s.f.DefaultMavenResourcesFiltering - Using platform encoding (UTF-8 actually) to copy filtered resources, i.e. build is platform dependent!
2025-05-30 22:58:34,637 [Worker-37: Building] INFO  o.a.m.s.f.DefaultMavenResourcesFiltering - Copying 0 resource from src\test\resources to target\test-classes
2025-05-30 22:58:38,863 [Worker-41: Building] WARN  o.a.m.s.f.DefaultMavenResourcesFiltering - Using platform encoding (UTF-8 actually) to copy filtered resources, i.e. build is platform dependent!
2025-05-30 22:58:38,865 [Worker-41: Building] INFO  o.a.m.s.f.DefaultMavenResourcesFiltering - Copying 0 resource from src\main\resources to target\classes
2025-05-30 22:58:38,868 [Worker-41: Building] WARN  o.a.m.s.f.DefaultMavenResourcesFiltering - Using platform encoding (UTF-8 actually) to copy filtered resources, i.e. build is platform dependent!
2025-05-30 22:58:38,870 [Worker-41: Building] INFO  o.a.m.s.f.DefaultMavenResourcesFiltering - Copying 0 resource from src\test\resources to target\test-classes
2025-05-30 22:58:53,720 [Worker-37: Building] WARN  o.a.m.s.f.DefaultMavenResourcesFiltering - Using platform encoding (UTF-8 actually) to copy filtered resources, i.e. build is platform dependent!
2025-05-30 22:58:53,722 [Worker-37: Building] INFO  o.a.m.s.f.DefaultMavenResourcesFiltering - Copying 0 resource from src\main\resources to target\classes
2025-05-30 22:58:53,723 [Worker-37: Building] WARN  o.a.m.s.f.DefaultMavenResourcesFiltering - Using platform encoding (UTF-8 actually) to copy filtered resources, i.e. build is platform dependent!
2025-05-30 22:58:53,724 [Worker-37: Building] INFO  o.a.m.s.f.DefaultMavenResourcesFiltering - Copying 0 resource from src\test\resources to target\test-classes
2025-05-30 22:59:31,164 [Worker-41: Building] WARN  o.a.m.s.f.DefaultMavenResourcesFiltering - Using platform encoding (UTF-8 actually) to copy filtered resources, i.e. build is platform dependent!
2025-05-30 22:59:31,165 [Worker-41: Building] INFO  o.a.m.s.f.DefaultMavenResourcesFiltering - Copying 0 resource from src\main\resources to target\classes
2025-05-30 22:59:31,167 [Worker-41: Building] WARN  o.a.m.s.f.DefaultMavenResourcesFiltering - Using platform encoding (UTF-8 actually) to copy filtered resources, i.e. build is platform dependent!
2025-05-30 22:59:31,169 [Worker-41: Building] INFO  o.a.m.s.f.DefaultMavenResourcesFiltering - Copying 0 resource from src\test\resources to target\test-classes
2025-05-30 22:59:54,462 [Worker-41: Building] WARN  o.a.m.s.f.DefaultMavenResourcesFiltering - Using platform encoding (UTF-8 actually) to copy filtered resources, i.e. build is platform dependent!
2025-05-30 22:59:54,463 [Worker-41: Building] INFO  o.a.m.s.f.DefaultMavenResourcesFiltering - Copying 0 resource from src\main\resources to target\classes
2025-05-30 22:59:54,468 [Worker-41: Building] WARN  o.a.m.s.f.DefaultMavenResourcesFiltering - Using platform encoding (UTF-8 actually) to copy filtered resources, i.e. build is platform dependent!
2025-05-30 22:59:54,469 [Worker-41: Building] INFO  o.a.m.s.f.DefaultMavenResourcesFiltering - Copying 0 resource from src\test\resources to target\test-classes
2025-05-30 22:59:58,945 [Worker-37: Building] WARN  o.a.m.s.f.DefaultMavenResourcesFiltering - Using platform encoding (UTF-8 actually) to copy filtered resources, i.e. build is platform dependent!
2025-05-30 22:59:58,946 [Worker-37: Building] INFO  o.a.m.s.f.DefaultMavenResourcesFiltering - Copying 0 resource from src\main\resources to target\classes
2025-05-30 22:59:58,948 [Worker-37: Building] WARN  o.a.m.s.f.DefaultMavenResourcesFiltering - Using platform encoding (UTF-8 actually) to copy filtered resources, i.e. build is platform dependent!
2025-05-30 22:59:58,949 [Worker-37: Building] INFO  o.a.m.s.f.DefaultMavenResourcesFiltering - Copying 0 resource from src\test\resources to target\test-classes
2025-05-30 23:00:08,310 [Worker-38: Building] WARN  o.a.m.s.f.DefaultMavenResourcesFiltering - Using platform encoding (UTF-8 actually) to copy filtered resources, i.e. build is platform dependent!
2025-05-30 23:00:08,312 [Worker-38: Building] INFO  o.a.m.s.f.DefaultMavenResourcesFiltering - Copying 0 resource from src\main\resources to target\classes
2025-05-30 23:00:08,316 [Worker-38: Building] WARN  o.a.m.s.f.DefaultMavenResourcesFiltering - Using platform encoding (UTF-8 actually) to copy filtered resources, i.e. build is platform dependent!
2025-05-30 23:00:08,317 [Worker-38: Building] INFO  o.a.m.s.f.DefaultMavenResourcesFiltering - Copying 0 resource from src\test\resources to target\test-classes
2025-05-30 23:00:21,417 [Worker-43: Building] WARN  o.a.m.s.f.DefaultMavenResourcesFiltering - Using platform encoding (UTF-8 actually) to copy filtered resources, i.e. build is platform dependent!
2025-05-30 23:00:21,418 [Worker-43: Building] INFO  o.a.m.s.f.DefaultMavenResourcesFiltering - Copying 0 resource from src\main\resources to target\classes
2025-05-30 23:00:21,420 [Worker-43: Building] WARN  o.a.m.s.f.DefaultMavenResourcesFiltering - Using platform encoding (UTF-8 actually) to copy filtered resources, i.e. build is platform dependent!
2025-05-30 23:00:21,421 [Worker-43: Building] INFO  o.a.m.s.f.DefaultMavenResourcesFiltering - Copying 0 resource from src\test\resources to target\test-classes
2025-05-30 23:00:27,441 [Worker-40: Building] WARN  o.a.m.s.f.DefaultMavenResourcesFiltering - Using platform encoding (UTF-8 actually) to copy filtered resources, i.e. build is platform dependent!
2025-05-30 23:00:27,443 [Worker-40: Building] INFO  o.a.m.s.f.DefaultMavenResourcesFiltering - Copying 0 resource from src\main\resources to target\classes
2025-05-30 23:00:27,444 [Worker-40: Building] WARN  o.a.m.s.f.DefaultMavenResourcesFiltering - Using platform encoding (UTF-8 actually) to copy filtered resources, i.e. build is platform dependent!
2025-05-30 23:00:27,446 [Worker-40: Building] INFO  o.a.m.s.f.DefaultMavenResourcesFiltering - Copying 0 resource from src\test\resources to target\test-classes
2025-05-30 23:01:08,970 [Worker-41: Building] WARN  o.a.m.s.f.DefaultMavenResourcesFiltering - Using platform encoding (UTF-8 actually) to copy filtered resources, i.e. build is platform dependent!
2025-05-30 23:01:08,972 [Worker-41: Building] INFO  o.a.m.s.f.DefaultMavenResourcesFiltering - Copying 0 resource from src\main\resources to target\classes
2025-05-30 23:01:08,973 [Worker-41: Building] WARN  o.a.m.s.f.DefaultMavenResourcesFiltering - Using platform encoding (UTF-8 actually) to copy filtered resources, i.e. build is platform dependent!
2025-05-30 23:01:08,974 [Worker-41: Building] INFO  o.a.m.s.f.DefaultMavenResourcesFiltering - Copying 0 resource from src\test\resources to target\test-classes
2025-05-30 23:01:17,991 [Worker-37: Building] WARN  o.a.m.s.f.DefaultMavenResourcesFiltering - Using platform encoding (UTF-8 actually) to copy filtered resources, i.e. build is platform dependent!
2025-05-30 23:01:17,992 [Worker-37: Building] INFO  o.a.m.s.f.DefaultMavenResourcesFiltering - Copying 0 resource from src\main\resources to target\classes
2025-05-30 23:01:17,995 [Worker-37: Building] WARN  o.a.m.s.f.DefaultMavenResourcesFiltering - Using platform encoding (UTF-8 actually) to copy filtered resources, i.e. build is platform dependent!
2025-05-30 23:01:17,996 [Worker-37: Building] INFO  o.a.m.s.f.DefaultMavenResourcesFiltering - Copying 0 resource from src\test\resources to target\test-classes
2025-05-30 23:01:32,984 [Worker-43: Building] WARN  o.a.m.s.f.DefaultMavenResourcesFiltering - Using platform encoding (UTF-8 actually) to copy filtered resources, i.e. build is platform dependent!
2025-05-30 23:01:32,985 [Worker-43: Building] INFO  o.a.m.s.f.DefaultMavenResourcesFiltering - Copying 0 resource from src\main\resources to target\classes
2025-05-30 23:01:32,986 [Worker-43: Building] WARN  o.a.m.s.f.DefaultMavenResourcesFiltering - Using platform encoding (UTF-8 actually) to copy filtered resources, i.e. build is platform dependent!
2025-05-30 23:01:32,987 [Worker-43: Building] INFO  o.a.m.s.f.DefaultMavenResourcesFiltering - Copying 0 resource from src\test\resources to target\test-classes
2025-05-30 23:01:42,533 [Worker-40: Building] WARN  o.a.m.s.f.DefaultMavenResourcesFiltering - Using platform encoding (UTF-8 actually) to copy filtered resources, i.e. build is platform dependent!
2025-05-30 23:01:42,534 [Worker-40: Building] INFO  o.a.m.s.f.DefaultMavenResourcesFiltering - Copying 0 resource from src\main\resources to target\classes
2025-05-30 23:01:42,536 [Worker-40: Building] WARN  o.a.m.s.f.DefaultMavenResourcesFiltering - Using platform encoding (UTF-8 actually) to copy filtered resources, i.e. build is platform dependent!
2025-05-30 23:01:42,537 [Worker-40: Building] INFO  o.a.m.s.f.DefaultMavenResourcesFiltering - Copying 0 resource from src\test\resources to target\test-classes
2025-05-30 23:01:51,751 [Worker-37: Building] WARN  o.a.m.s.f.DefaultMavenResourcesFiltering - Using platform encoding (UTF-8 actually) to copy filtered resources, i.e. build is platform dependent!
2025-05-30 23:01:51,752 [Worker-37: Building] INFO  o.a.m.s.f.DefaultMavenResourcesFiltering - Copying 0 resource from src\main\resources to target\classes
2025-05-30 23:01:51,753 [Worker-37: Building] WARN  o.a.m.s.f.DefaultMavenResourcesFiltering - Using platform encoding (UTF-8 actually) to copy filtered resources, i.e. build is platform dependent!
2025-05-30 23:01:51,754 [Worker-37: Building] INFO  o.a.m.s.f.DefaultMavenResourcesFiltering - Copying 0 resource from src\test\resources to target\test-classes
2025-05-30 23:01:59,103 [Worker-43: Building] WARN  o.a.m.s.f.DefaultMavenResourcesFiltering - Using platform encoding (UTF-8 actually) to copy filtered resources, i.e. build is platform dependent!
2025-05-30 23:01:59,104 [Worker-43: Building] INFO  o.a.m.s.f.DefaultMavenResourcesFiltering - Copying 0 resource from src\main\resources to target\classes
2025-05-30 23:01:59,106 [Worker-43: Building] WARN  o.a.m.s.f.DefaultMavenResourcesFiltering - Using platform encoding (UTF-8 actually) to copy filtered resources, i.e. build is platform dependent!
2025-05-30 23:01:59,108 [Worker-43: Building] INFO  o.a.m.s.f.DefaultMavenResourcesFiltering - Copying 0 resource from src\test\resources to target\test-classes
2025-05-30 23:02:00,288 [Worker-37: Building] WARN  o.a.m.s.f.DefaultMavenResourcesFiltering - Using platform encoding (UTF-8 actually) to copy filtered resources, i.e. build is platform dependent!
2025-05-30 23:02:00,289 [Worker-37: Building] INFO  o.a.m.s.f.DefaultMavenResourcesFiltering - Copying 0 resource from src\main\resources to target\classes
2025-05-30 23:02:00,290 [Worker-37: Building] WARN  o.a.m.s.f.DefaultMavenResourcesFiltering - Using platform encoding (UTF-8 actually) to copy filtered resources, i.e. build is platform dependent!
2025-05-30 23:02:00,295 [Worker-37: Building] INFO  o.a.m.s.f.DefaultMavenResourcesFiltering - Copying 0 resource from src\test\resources to target\test-classes
2025-05-30 23:02:07,881 [Worker-37: Building] WARN  o.a.m.s.f.DefaultMavenResourcesFiltering - Using platform encoding (UTF-8 actually) to copy filtered resources, i.e. build is platform dependent!
2025-05-30 23:02:07,882 [Worker-37: Building] INFO  o.a.m.s.f.DefaultMavenResourcesFiltering - Copying 0 resource from src\main\resources to target\classes
2025-05-30 23:02:07,883 [Worker-37: Building] WARN  o.a.m.s.f.DefaultMavenResourcesFiltering - Using platform encoding (UTF-8 actually) to copy filtered resources, i.e. build is platform dependent!
2025-05-30 23:02:07,884 [Worker-37: Building] INFO  o.a.m.s.f.DefaultMavenResourcesFiltering - Copying 0 resource from src\test\resources to target\test-classes
2025-05-30 23:02:15,796 [Worker-43: Building] WARN  o.a.m.s.f.DefaultMavenResourcesFiltering - Using platform encoding (UTF-8 actually) to copy filtered resources, i.e. build is platform dependent!
2025-05-30 23:02:15,797 [Worker-43: Building] INFO  o.a.m.s.f.DefaultMavenResourcesFiltering - Copying 0 resource from src\main\resources to target\classes
2025-05-30 23:02:15,800 [Worker-43: Building] WARN  o.a.m.s.f.DefaultMavenResourcesFiltering - Using platform encoding (UTF-8 actually) to copy filtered resources, i.e. build is platform dependent!
2025-05-30 23:02:15,801 [Worker-43: Building] INFO  o.a.m.s.f.DefaultMavenResourcesFiltering - Copying 0 resource from src\test\resources to target\test-classes
2025-05-30 23:02:19,509 [Worker-38: Building] WARN  o.a.m.s.f.DefaultMavenResourcesFiltering - Using platform encoding (UTF-8 actually) to copy filtered resources, i.e. build is platform dependent!
2025-05-30 23:02:19,510 [Worker-38: Building] INFO  o.a.m.s.f.DefaultMavenResourcesFiltering - Copying 0 resource from src\main\resources to target\classes
2025-05-30 23:02:19,511 [Worker-38: Building] WARN  o.a.m.s.f.DefaultMavenResourcesFiltering - Using platform encoding (UTF-8 actually) to copy filtered resources, i.e. build is platform dependent!
2025-05-30 23:02:19,512 [Worker-38: Building] INFO  o.a.m.s.f.DefaultMavenResourcesFiltering - Copying 0 resource from src\test\resources to target\test-classes
2025-05-30 23:02:20,737 [Worker-38: Building] WARN  o.a.m.s.f.DefaultMavenResourcesFiltering - Using platform encoding (UTF-8 actually) to copy filtered resources, i.e. build is platform dependent!
2025-05-30 23:02:20,739 [Worker-38: Building] INFO  o.a.m.s.f.DefaultMavenResourcesFiltering - Copying 0 resource from src\main\resources to target\classes
2025-05-30 23:02:20,745 [Worker-38: Building] WARN  o.a.m.s.f.DefaultMavenResourcesFiltering - Using platform encoding (UTF-8 actually) to copy filtered resources, i.e. build is platform dependent!
2025-05-30 23:02:20,746 [Worker-38: Building] INFO  o.a.m.s.f.DefaultMavenResourcesFiltering - Copying 0 resource from src\test\resources to target\test-classes
2025-05-30 23:04:11,428 [Worker-38: Building] WARN  o.a.m.s.f.DefaultMavenResourcesFiltering - Using platform encoding (UTF-8 actually) to copy filtered resources, i.e. build is platform dependent!
2025-05-30 23:04:11,429 [Worker-38: Building] INFO  o.a.m.s.f.DefaultMavenResourcesFiltering - Copying 0 resource from src\main\resources to target\classes
2025-05-30 23:04:11,430 [Worker-38: Building] WARN  o.a.m.s.f.DefaultMavenResourcesFiltering - Using platform encoding (UTF-8 actually) to copy filtered resources, i.e. build is platform dependent!
2025-05-30 23:04:11,431 [Worker-38: Building] INFO  o.a.m.s.f.DefaultMavenResourcesFiltering - Copying 0 resource from src\test\resources to target\test-classes
2025-05-30 23:04:19,207 [Worker-42: Building] WARN  o.a.m.s.f.DefaultMavenResourcesFiltering - Using platform encoding (UTF-8 actually) to copy filtered resources, i.e. build is platform dependent!
2025-05-30 23:04:19,209 [Worker-42: Building] INFO  o.a.m.s.f.DefaultMavenResourcesFiltering - Copying 0 resource from src\main\resources to target\classes
2025-05-30 23:04:19,210 [Worker-42: Building] WARN  o.a.m.s.f.DefaultMavenResourcesFiltering - Using platform encoding (UTF-8 actually) to copy filtered resources, i.e. build is platform dependent!
2025-05-30 23:04:19,211 [Worker-42: Building] INFO  o.a.m.s.f.DefaultMavenResourcesFiltering - Copying 0 resource from src\test\resources to target\test-classes
2025-05-30 23:04:32,825 [Worker-42: Building] WARN  o.a.m.s.f.DefaultMavenResourcesFiltering - Using platform encoding (UTF-8 actually) to copy filtered resources, i.e. build is platform dependent!
2025-05-30 23:04:32,826 [Worker-42: Building] INFO  o.a.m.s.f.DefaultMavenResourcesFiltering - Copying 0 resource from src\main\resources to target\classes
2025-05-30 23:04:32,828 [Worker-42: Building] WARN  o.a.m.s.f.DefaultMavenResourcesFiltering - Using platform encoding (UTF-8 actually) to copy filtered resources, i.e. build is platform dependent!
2025-05-30 23:04:32,828 [Worker-42: Building] INFO  o.a.m.s.f.DefaultMavenResourcesFiltering - Copying 0 resource from src\test\resources to target\test-classes
2025-05-30 23:04:37,999 [Worker-38: Building] WARN  o.a.m.s.f.DefaultMavenResourcesFiltering - Using platform encoding (UTF-8 actually) to copy filtered resources, i.e. build is platform dependent!
2025-05-30 23:04:38,000 [Worker-38: Building] INFO  o.a.m.s.f.DefaultMavenResourcesFiltering - Copying 0 resource from src\main\resources to target\classes
2025-05-30 23:04:38,002 [Worker-38: Building] WARN  o.a.m.s.f.DefaultMavenResourcesFiltering - Using platform encoding (UTF-8 actually) to copy filtered resources, i.e. build is platform dependent!
2025-05-30 23:04:38,002 [Worker-38: Building] INFO  o.a.m.s.f.DefaultMavenResourcesFiltering - Copying 0 resource from src\test\resources to target\test-classes
2025-05-30 23:05:45,086 [Worker-41: Building] WARN  o.a.m.s.f.DefaultMavenResourcesFiltering - Using platform encoding (UTF-8 actually) to copy filtered resources, i.e. build is platform dependent!
2025-05-30 23:05:45,088 [Worker-41: Building] INFO  o.a.m.s.f.DefaultMavenResourcesFiltering - Copying 0 resource from src\main\resources to target\classes
2025-05-30 23:05:45,089 [Worker-41: Building] WARN  o.a.m.s.f.DefaultMavenResourcesFiltering - Using platform encoding (UTF-8 actually) to copy filtered resources, i.e. build is platform dependent!
2025-05-30 23:05:45,091 [Worker-41: Building] INFO  o.a.m.s.f.DefaultMavenResourcesFiltering - Copying 0 resource from src\test\resources to target\test-classes
2025-05-30 23:08:44,979 [Worker-44: Building] WARN  o.a.m.s.f.DefaultMavenResourcesFiltering - Using platform encoding (UTF-8 actually) to copy filtered resources, i.e. build is platform dependent!
2025-05-30 23:08:44,980 [Worker-44: Building] INFO  o.a.m.s.f.DefaultMavenResourcesFiltering - Copying 0 resource from src\main\resources to target\classes
2025-05-30 23:08:44,982 [Worker-44: Building] WARN  o.a.m.s.f.DefaultMavenResourcesFiltering - Using platform encoding (UTF-8 actually) to copy filtered resources, i.e. build is platform dependent!
2025-05-30 23:08:44,983 [Worker-44: Building] INFO  o.a.m.s.f.DefaultMavenResourcesFiltering - Copying 0 resource from src\test\resources to target\test-classes
2025-05-30 23:08:52,751 [Worker-38: Building] WARN  o.a.m.s.f.DefaultMavenResourcesFiltering - Using platform encoding (UTF-8 actually) to copy filtered resources, i.e. build is platform dependent!
2025-05-30 23:08:52,753 [Worker-38: Building] INFO  o.a.m.s.f.DefaultMavenResourcesFiltering - Copying 0 resource from src\main\resources to target\classes
2025-05-30 23:08:52,756 [Worker-38: Building] WARN  o.a.m.s.f.DefaultMavenResourcesFiltering - Using platform encoding (UTF-8 actually) to copy filtered resources, i.e. build is platform dependent!
2025-05-30 23:08:52,758 [Worker-38: Building] INFO  o.a.m.s.f.DefaultMavenResourcesFiltering - Copying 0 resource from src\test\resources to target\test-classes
2025-05-30 23:08:58,140 [Worker-43: Building] WARN  o.a.m.s.f.DefaultMavenResourcesFiltering - Using platform encoding (UTF-8 actually) to copy filtered resources, i.e. build is platform dependent!
2025-05-30 23:08:58,142 [Worker-43: Building] INFO  o.a.m.s.f.DefaultMavenResourcesFiltering - Copying 0 resource from src\main\resources to target\classes
2025-05-30 23:08:58,143 [Worker-43: Building] WARN  o.a.m.s.f.DefaultMavenResourcesFiltering - Using platform encoding (UTF-8 actually) to copy filtered resources, i.e. build is platform dependent!
2025-05-30 23:08:58,144 [Worker-43: Building] INFO  o.a.m.s.f.DefaultMavenResourcesFiltering - Copying 0 resource from src\test\resources to target\test-classes
2025-05-30 23:08:59,313 [Worker-43: Building] WARN  o.a.m.s.f.DefaultMavenResourcesFiltering - Using platform encoding (UTF-8 actually) to copy filtered resources, i.e. build is platform dependent!
2025-05-30 23:08:59,314 [Worker-43: Building] INFO  o.a.m.s.f.DefaultMavenResourcesFiltering - Copying 0 resource from src\main\resources to target\classes
2025-05-30 23:08:59,316 [Worker-43: Building] WARN  o.a.m.s.f.DefaultMavenResourcesFiltering - Using platform encoding (UTF-8 actually) to copy filtered resources, i.e. build is platform dependent!
2025-05-30 23:08:59,317 [Worker-43: Building] INFO  o.a.m.s.f.DefaultMavenResourcesFiltering - Copying 0 resource from src\test\resources to target\test-classes
2025-05-30 23:09:43,665 [Worker-44: Building] WARN  o.a.m.s.f.DefaultMavenResourcesFiltering - Using platform encoding (UTF-8 actually) to copy filtered resources, i.e. build is platform dependent!
2025-05-30 23:09:43,666 [Worker-44: Building] INFO  o.a.m.s.f.DefaultMavenResourcesFiltering - Copying 0 resource from src\main\resources to target\classes
2025-05-30 23:09:43,668 [Worker-44: Building] WARN  o.a.m.s.f.DefaultMavenResourcesFiltering - Using platform encoding (UTF-8 actually) to copy filtered resources, i.e. build is platform dependent!
2025-05-30 23:09:43,669 [Worker-44: Building] INFO  o.a.m.s.f.DefaultMavenResourcesFiltering - Copying 0 resource from src\test\resources to target\test-classes
2025-05-30 23:09:47,929 [Worker-38: Building] WARN  o.a.m.s.f.DefaultMavenResourcesFiltering - Using platform encoding (UTF-8 actually) to copy filtered resources, i.e. build is platform dependent!
2025-05-30 23:09:47,930 [Worker-38: Building] INFO  o.a.m.s.f.DefaultMavenResourcesFiltering - Copying 0 resource from src\main\resources to target\classes
2025-05-30 23:09:47,932 [Worker-38: Building] WARN  o.a.m.s.f.DefaultMavenResourcesFiltering - Using platform encoding (UTF-8 actually) to copy filtered resources, i.e. build is platform dependent!
2025-05-30 23:09:47,933 [Worker-38: Building] INFO  o.a.m.s.f.DefaultMavenResourcesFiltering - Copying 0 resource from src\test\resources to target\test-classes
2025-05-30 23:10:45,146 [Worker-45: Building] WARN  o.a.m.s.f.DefaultMavenResourcesFiltering - Using platform encoding (UTF-8 actually) to copy filtered resources, i.e. build is platform dependent!
2025-05-30 23:10:45,148 [Worker-45: Building] INFO  o.a.m.s.f.DefaultMavenResourcesFiltering - Copying 0 resource from src\main\resources to target\classes
2025-05-30 23:10:45,150 [Worker-45: Building] WARN  o.a.m.s.f.DefaultMavenResourcesFiltering - Using platform encoding (UTF-8 actually) to copy filtered resources, i.e. build is platform dependent!
2025-05-30 23:10:45,150 [Worker-45: Building] INFO  o.a.m.s.f.DefaultMavenResourcesFiltering - Copying 0 resource from src\test\resources to target\test-classes
2025-05-30 23:10:59,566 [Worker-38: Building] WARN  o.a.m.s.f.DefaultMavenResourcesFiltering - Using platform encoding (UTF-8 actually) to copy filtered resources, i.e. build is platform dependent!
2025-05-30 23:10:59,568 [Worker-38: Building] INFO  o.a.m.s.f.DefaultMavenResourcesFiltering - Copying 0 resource from src\main\resources to target\classes
2025-05-30 23:10:59,570 [Worker-38: Building] WARN  o.a.m.s.f.DefaultMavenResourcesFiltering - Using platform encoding (UTF-8 actually) to copy filtered resources, i.e. build is platform dependent!
2025-05-30 23:10:59,571 [Worker-38: Building] INFO  o.a.m.s.f.DefaultMavenResourcesFiltering - Copying 0 resource from src\test\resources to target\test-classes
2025-05-30 23:11:07,538 [Worker-45: Building] WARN  o.a.m.s.f.DefaultMavenResourcesFiltering - Using platform encoding (UTF-8 actually) to copy filtered resources, i.e. build is platform dependent!
2025-05-30 23:11:07,539 [Worker-45: Building] INFO  o.a.m.s.f.DefaultMavenResourcesFiltering - Copying 0 resource from src\main\resources to target\classes
2025-05-30 23:11:07,541 [Worker-45: Building] WARN  o.a.m.s.f.DefaultMavenResourcesFiltering - Using platform encoding (UTF-8 actually) to copy filtered resources, i.e. build is platform dependent!
2025-05-30 23:11:07,542 [Worker-45: Building] INFO  o.a.m.s.f.DefaultMavenResourcesFiltering - Copying 0 resource from src\test\resources to target\test-classes
2025-05-30 23:11:08,580 [Worker-47: Building] WARN  o.a.m.s.f.DefaultMavenResourcesFiltering - Using platform encoding (UTF-8 actually) to copy filtered resources, i.e. build is platform dependent!
2025-05-30 23:11:08,581 [Worker-47: Building] INFO  o.a.m.s.f.DefaultMavenResourcesFiltering - Copying 0 resource from src\main\resources to target\classes
2025-05-30 23:11:08,583 [Worker-47: Building] WARN  o.a.m.s.f.DefaultMavenResourcesFiltering - Using platform encoding (UTF-8 actually) to copy filtered resources, i.e. build is platform dependent!
2025-05-30 23:11:08,584 [Worker-47: Building] INFO  o.a.m.s.f.DefaultMavenResourcesFiltering - Copying 0 resource from src\test\resources to target\test-classes
2025-05-30 23:11:17,487 [Worker-47: Building] WARN  o.a.m.s.f.DefaultMavenResourcesFiltering - Using platform encoding (UTF-8 actually) to copy filtered resources, i.e. build is platform dependent!
2025-05-30 23:11:17,488 [Worker-47: Building] INFO  o.a.m.s.f.DefaultMavenResourcesFiltering - Copying 0 resource from src\main\resources to target\classes
2025-05-30 23:11:17,490 [Worker-47: Building] WARN  o.a.m.s.f.DefaultMavenResourcesFiltering - Using platform encoding (UTF-8 actually) to copy filtered resources, i.e. build is platform dependent!
2025-05-30 23:11:17,491 [Worker-47: Building] INFO  o.a.m.s.f.DefaultMavenResourcesFiltering - Copying 0 resource from src\test\resources to target\test-classes
2025-05-30 23:11:37,265 [Worker-46: Building] WARN  o.a.m.s.f.DefaultMavenResourcesFiltering - Using platform encoding (UTF-8 actually) to copy filtered resources, i.e. build is platform dependent!
2025-05-30 23:11:37,266 [Worker-46: Building] INFO  o.a.m.s.f.DefaultMavenResourcesFiltering - Copying 0 resource from src\main\resources to target\classes
2025-05-30 23:11:37,269 [Worker-46: Building] WARN  o.a.m.s.f.DefaultMavenResourcesFiltering - Using platform encoding (UTF-8 actually) to copy filtered resources, i.e. build is platform dependent!
2025-05-30 23:11:37,270 [Worker-46: Building] INFO  o.a.m.s.f.DefaultMavenResourcesFiltering - Copying 0 resource from src\test\resources to target\test-classes
2025-05-30 23:11:39,464 [Worker-45: Building] WARN  o.a.m.s.f.DefaultMavenResourcesFiltering - Using platform encoding (UTF-8 actually) to copy filtered resources, i.e. build is platform dependent!
2025-05-30 23:11:39,466 [Worker-45: Building] INFO  o.a.m.s.f.DefaultMavenResourcesFiltering - Copying 0 resource from src\main\resources to target\classes
2025-05-30 23:11:39,467 [Worker-45: Building] WARN  o.a.m.s.f.DefaultMavenResourcesFiltering - Using platform encoding (UTF-8 actually) to copy filtered resources, i.e. build is platform dependent!
2025-05-30 23:11:39,469 [Worker-45: Building] INFO  o.a.m.s.f.DefaultMavenResourcesFiltering - Copying 0 resource from src\test\resources to target\test-classes
2025-05-30 23:11:43,869 [Worker-47: Building] WARN  o.a.m.s.f.DefaultMavenResourcesFiltering - Using platform encoding (UTF-8 actually) to copy filtered resources, i.e. build is platform dependent!
2025-05-30 23:11:43,870 [Worker-47: Building] INFO  o.a.m.s.f.DefaultMavenResourcesFiltering - Copying 0 resource from src\main\resources to target\classes
2025-05-30 23:11:43,872 [Worker-47: Building] WARN  o.a.m.s.f.DefaultMavenResourcesFiltering - Using platform encoding (UTF-8 actually) to copy filtered resources, i.e. build is platform dependent!
2025-05-30 23:11:43,874 [Worker-47: Building] INFO  o.a.m.s.f.DefaultMavenResourcesFiltering - Copying 0 resource from src\test\resources to target\test-classes
2025-05-30 23:11:49,516 [Worker-43: Building] WARN  o.a.m.s.f.DefaultMavenResourcesFiltering - Using platform encoding (UTF-8 actually) to copy filtered resources, i.e. build is platform dependent!
2025-05-30 23:11:49,518 [Worker-43: Building] INFO  o.a.m.s.f.DefaultMavenResourcesFiltering - Copying 0 resource from src\main\resources to target\classes
2025-05-30 23:11:49,520 [Worker-43: Building] WARN  o.a.m.s.f.DefaultMavenResourcesFiltering - Using platform encoding (UTF-8 actually) to copy filtered resources, i.e. build is platform dependent!
2025-05-30 23:11:49,521 [Worker-43: Building] INFO  o.a.m.s.f.DefaultMavenResourcesFiltering - Copying 0 resource from src\test\resources to target\test-classes
2025-05-30 23:11:52,917 [Worker-46: Building] WARN  o.a.m.s.f.DefaultMavenResourcesFiltering - Using platform encoding (UTF-8 actually) to copy filtered resources, i.e. build is platform dependent!
2025-05-30 23:11:52,919 [Worker-46: Building] INFO  o.a.m.s.f.DefaultMavenResourcesFiltering - Copying 0 resource from src\main\resources to target\classes
2025-05-30 23:11:52,920 [Worker-46: Building] WARN  o.a.m.s.f.DefaultMavenResourcesFiltering - Using platform encoding (UTF-8 actually) to copy filtered resources, i.e. build is platform dependent!
2025-05-30 23:11:52,921 [Worker-46: Building] INFO  o.a.m.s.f.DefaultMavenResourcesFiltering - Copying 0 resource from src\test\resources to target\test-classes
2025-05-30 23:12:16,551 [Worker-38: Building] WARN  o.a.m.s.f.DefaultMavenResourcesFiltering - Using platform encoding (UTF-8 actually) to copy filtered resources, i.e. build is platform dependent!
2025-05-30 23:12:16,552 [Worker-38: Building] INFO  o.a.m.s.f.DefaultMavenResourcesFiltering - Copying 0 resource from src\main\resources to target\classes
2025-05-30 23:12:16,554 [Worker-38: Building] WARN  o.a.m.s.f.DefaultMavenResourcesFiltering - Using platform encoding (UTF-8 actually) to copy filtered resources, i.e. build is platform dependent!
2025-05-30 23:12:16,555 [Worker-38: Building] INFO  o.a.m.s.f.DefaultMavenResourcesFiltering - Copying 0 resource from src\test\resources to target\test-classes
2025-05-30 23:12:25,787 [Worker-47: Building] WARN  o.a.m.s.f.DefaultMavenResourcesFiltering - Using platform encoding (UTF-8 actually) to copy filtered resources, i.e. build is platform dependent!
2025-05-30 23:12:25,789 [Worker-47: Building] INFO  o.a.m.s.f.DefaultMavenResourcesFiltering - Copying 0 resource from src\main\resources to target\classes
2025-05-30 23:12:25,791 [Worker-47: Building] WARN  o.a.m.s.f.DefaultMavenResourcesFiltering - Using platform encoding (UTF-8 actually) to copy filtered resources, i.e. build is platform dependent!
2025-05-30 23:12:25,793 [Worker-47: Building] INFO  o.a.m.s.f.DefaultMavenResourcesFiltering - Copying 0 resource from src\test\resources to target\test-classes
2025-05-30 23:13:23,133 [Worker-47: Updating Maven Dependencies] ERROR o.e.m.j.i.l.MavenLaunchConfigurationListener - Launch configuration StudentDAO references non-existing project CreditHibernateMaven_main.
org.eclipse.core.runtime.CoreException: Launch configuration StudentDAO references non-existing project CreditHibernateMaven_main.
	at org.eclipse.jdt.launching.JavaRuntime.abort(JavaRuntime.java:1870)
	at org.eclipse.jdt.launching.JavaRuntime.getJavaProject(JavaRuntime.java:1747)
	at org.eclipse.m2e.jdt.internal.launch.MavenLaunchConfigurationListener.updateLaunchConfiguration(MavenLaunchConfigurationListener.java:66)
	at org.eclipse.m2e.jdt.internal.launch.MavenLaunchConfigurationListener.launchConfigurationChanged(MavenLaunchConfigurationListener.java:52)
	at org.eclipse.debug.internal.core.LaunchManager$ConfigurationNotifier.run(LaunchManager.java:220)
	at org.eclipse.core.runtime.SafeRunner.run(SafeRunner.java:47)
	at org.eclipse.debug.internal.core.LaunchManager$ConfigurationNotifier.notify(LaunchManager.java:204)
	at org.eclipse.debug.internal.core.LaunchConfigurationWorkingCopy.setDirty(LaunchConfigurationWorkingCopy.java:527)
	at org.eclipse.debug.internal.core.LaunchConfigurationWorkingCopy.setAttribute(LaunchConfigurationWorkingCopy.java:415)
	at org.eclipse.m2e.jdt.internal.launch.MavenRuntimeClasspathProvider.disable(MavenRuntimeClasspathProvider.java:409)
	at org.eclipse.m2e.jdt.internal.launch.MavenRuntimeClasspathProvider.disable(MavenRuntimeClasspathProvider.java:435)
	at org.eclipse.m2e.jdt.internal.launch.MavenLaunchConfigurationListener.mavenProjectChanged(MavenLaunchConfigurationListener.java:137)
	at org.eclipse.m2e.core.internal.project.registry.ProjectRegistryManager.notifyProjectChangeListeners(ProjectRegistryManager.java:892)
	at org.eclipse.m2e.core.internal.project.registry.ProjectRegistryManager.applyMutableProjectRegistry(ProjectRegistryManager.java:1042)
	at org.eclipse.m2e.core.internal.project.registry.ProjectRegistryRefreshJob.lambda$0(ProjectRegistryRefreshJob.java:162)
	at org.eclipse.m2e.core.internal.embedder.MavenExecutionContext.executeBare(MavenExecutionContext.java:458)
	at org.eclipse.m2e.core.internal.embedder.MavenExecutionContext.execute(MavenExecutionContext.java:339)
	at org.eclipse.m2e.core.internal.embedder.MavenExecutionContext.execute(MavenExecutionContext.java:278)
	at org.eclipse.m2e.core.internal.project.registry.ProjectRegistryRefreshJob.run(ProjectRegistryRefreshJob.java:106)
	at org.eclipse.core.internal.jobs.Worker.run(Worker.java:63)
2025-05-30 23:13:23,178 [Worker-47: Updating Maven Dependencies] ERROR o.e.m.j.i.l.MavenLaunchConfigurationListener - Launch configuration StudentDAO references non-existing project CreditHibernateMaven_main.
org.eclipse.core.runtime.CoreException: Launch configuration StudentDAO references non-existing project CreditHibernateMaven_main.
	at org.eclipse.jdt.launching.JavaRuntime.abort(JavaRuntime.java:1870)
	at org.eclipse.jdt.launching.JavaRuntime.getJavaProject(JavaRuntime.java:1747)
	at org.eclipse.m2e.jdt.internal.launch.MavenLaunchConfigurationListener.updateLaunchConfiguration(MavenLaunchConfigurationListener.java:66)
	at org.eclipse.m2e.jdt.internal.launch.MavenLaunchConfigurationListener.launchConfigurationChanged(MavenLaunchConfigurationListener.java:52)
	at org.eclipse.debug.internal.core.LaunchManager$ConfigurationNotifier.run(LaunchManager.java:220)
	at org.eclipse.core.runtime.SafeRunner.run(SafeRunner.java:47)
	at org.eclipse.debug.internal.core.LaunchManager$ConfigurationNotifier.notify(LaunchManager.java:204)
	at org.eclipse.debug.internal.core.LaunchConfigurationWorkingCopy.setDirty(LaunchConfigurationWorkingCopy.java:527)
	at org.eclipse.debug.internal.core.LaunchConfigurationWorkingCopy.setAttribute(LaunchConfigurationWorkingCopy.java:415)
	at org.eclipse.m2e.jdt.internal.launch.MavenRuntimeClasspathProvider.disable(MavenRuntimeClasspathProvider.java:410)
	at org.eclipse.m2e.jdt.internal.launch.MavenRuntimeClasspathProvider.disable(MavenRuntimeClasspathProvider.java:435)
	at org.eclipse.m2e.jdt.internal.launch.MavenLaunchConfigurationListener.mavenProjectChanged(MavenLaunchConfigurationListener.java:137)
	at org.eclipse.m2e.core.internal.project.registry.ProjectRegistryManager.notifyProjectChangeListeners(ProjectRegistryManager.java:892)
	at org.eclipse.m2e.core.internal.project.registry.ProjectRegistryManager.applyMutableProjectRegistry(ProjectRegistryManager.java:1042)
	at org.eclipse.m2e.core.internal.project.registry.ProjectRegistryRefreshJob.lambda$0(ProjectRegistryRefreshJob.java:162)
	at org.eclipse.m2e.core.internal.embedder.MavenExecutionContext.executeBare(MavenExecutionContext.java:458)
	at org.eclipse.m2e.core.internal.embedder.MavenExecutionContext.execute(MavenExecutionContext.java:339)
	at org.eclipse.m2e.core.internal.embedder.MavenExecutionContext.execute(MavenExecutionContext.java:278)
	at org.eclipse.m2e.core.internal.project.registry.ProjectRegistryRefreshJob.run(ProjectRegistryRefreshJob.java:106)
	at org.eclipse.core.internal.jobs.Worker.run(Worker.java:63)
2025-05-30 23:13:23,198 [Worker-47: Updating Maven Dependencies] ERROR o.e.m.j.i.l.MavenLaunchConfigurationListener - Launch configuration StudentDAO references non-existing project CreditHibernateMaven_main.
org.eclipse.core.runtime.CoreException: Launch configuration StudentDAO references non-existing project CreditHibernateMaven_main.
	at org.eclipse.jdt.launching.JavaRuntime.abort(JavaRuntime.java:1870)
	at org.eclipse.jdt.launching.JavaRuntime.getJavaProject(JavaRuntime.java:1747)
	at org.eclipse.m2e.jdt.internal.launch.MavenLaunchConfigurationListener.updateLaunchConfiguration(MavenLaunchConfigurationListener.java:66)
	at org.eclipse.m2e.jdt.internal.launch.MavenLaunchConfigurationListener.launchConfigurationChanged(MavenLaunchConfigurationListener.java:52)
	at org.eclipse.debug.internal.core.LaunchManager$ConfigurationNotifier.run(LaunchManager.java:220)
	at org.eclipse.core.runtime.SafeRunner.run(SafeRunner.java:47)
	at org.eclipse.debug.internal.core.LaunchManager$ConfigurationNotifier.notify(LaunchManager.java:204)
	at org.eclipse.debug.internal.core.LaunchManager.launchConfigurationChanged(LaunchManager.java:2010)
	at org.eclipse.debug.internal.core.LaunchConfigurationWorkingCopy.writeNewFile(LaunchConfigurationWorkingCopy.java:380)
	at org.eclipse.debug.internal.core.LaunchConfigurationWorkingCopy.doSave0(LaunchConfigurationWorkingCopy.java:259)
	at org.eclipse.debug.internal.core.LaunchConfigurationWorkingCopy.doSave(LaunchConfigurationWorkingCopy.java:229)
	at org.eclipse.debug.internal.core.LaunchConfigurationWorkingCopy.doSave(LaunchConfigurationWorkingCopy.java:187)
	at org.eclipse.m2e.jdt.internal.launch.MavenRuntimeClasspathProvider.disable(MavenRuntimeClasspathProvider.java:411)
	at org.eclipse.m2e.jdt.internal.launch.MavenRuntimeClasspathProvider.disable(MavenRuntimeClasspathProvider.java:435)
	at org.eclipse.m2e.jdt.internal.launch.MavenLaunchConfigurationListener.mavenProjectChanged(MavenLaunchConfigurationListener.java:137)
	at org.eclipse.m2e.core.internal.project.registry.ProjectRegistryManager.notifyProjectChangeListeners(ProjectRegistryManager.java:892)
	at org.eclipse.m2e.core.internal.project.registry.ProjectRegistryManager.applyMutableProjectRegistry(ProjectRegistryManager.java:1042)
	at org.eclipse.m2e.core.internal.project.registry.ProjectRegistryRefreshJob.lambda$0(ProjectRegistryRefreshJob.java:162)
	at org.eclipse.m2e.core.internal.embedder.MavenExecutionContext.executeBare(MavenExecutionContext.java:458)
	at org.eclipse.m2e.core.internal.embedder.MavenExecutionContext.execute(MavenExecutionContext.java:339)
	at org.eclipse.m2e.core.internal.embedder.MavenExecutionContext.execute(MavenExecutionContext.java:278)
	at org.eclipse.m2e.core.internal.project.registry.ProjectRegistryRefreshJob.run(ProjectRegistryRefreshJob.java:106)
	at org.eclipse.core.internal.jobs.Worker.run(Worker.java:63)
2025-05-30 23:13:23,200 [Worker-47: Updating Maven Dependencies] ERROR o.e.m.j.i.l.MavenLaunchConfigurationListener - Launch configuration AppMain (1) references non-existing project CreditHibernateMaven_main.
org.eclipse.core.runtime.CoreException: Launch configuration AppMain (1) references non-existing project CreditHibernateMaven_main.
	at org.eclipse.jdt.launching.JavaRuntime.abort(JavaRuntime.java:1870)
	at org.eclipse.jdt.launching.JavaRuntime.getJavaProject(JavaRuntime.java:1747)
	at org.eclipse.m2e.jdt.internal.launch.MavenLaunchConfigurationListener.updateLaunchConfiguration(MavenLaunchConfigurationListener.java:66)
	at org.eclipse.m2e.jdt.internal.launch.MavenLaunchConfigurationListener.launchConfigurationChanged(MavenLaunchConfigurationListener.java:52)
	at org.eclipse.debug.internal.core.LaunchManager$ConfigurationNotifier.run(LaunchManager.java:220)
	at org.eclipse.core.runtime.SafeRunner.run(SafeRunner.java:47)
	at org.eclipse.debug.internal.core.LaunchManager$ConfigurationNotifier.notify(LaunchManager.java:204)
	at org.eclipse.debug.internal.core.LaunchConfigurationWorkingCopy.setDirty(LaunchConfigurationWorkingCopy.java:527)
	at org.eclipse.debug.internal.core.LaunchConfigurationWorkingCopy.setAttribute(LaunchConfigurationWorkingCopy.java:415)
	at org.eclipse.m2e.jdt.internal.launch.MavenRuntimeClasspathProvider.disable(MavenRuntimeClasspathProvider.java:409)
	at org.eclipse.m2e.jdt.internal.launch.MavenRuntimeClasspathProvider.disable(MavenRuntimeClasspathProvider.java:435)
	at org.eclipse.m2e.jdt.internal.launch.MavenLaunchConfigurationListener.mavenProjectChanged(MavenLaunchConfigurationListener.java:137)
	at org.eclipse.m2e.core.internal.project.registry.ProjectRegistryManager.notifyProjectChangeListeners(ProjectRegistryManager.java:892)
	at org.eclipse.m2e.core.internal.project.registry.ProjectRegistryManager.applyMutableProjectRegistry(ProjectRegistryManager.java:1042)
	at org.eclipse.m2e.core.internal.project.registry.ProjectRegistryRefreshJob.lambda$0(ProjectRegistryRefreshJob.java:162)
	at org.eclipse.m2e.core.internal.embedder.MavenExecutionContext.executeBare(MavenExecutionContext.java:458)
	at org.eclipse.m2e.core.internal.embedder.MavenExecutionContext.execute(MavenExecutionContext.java:339)
	at org.eclipse.m2e.core.internal.embedder.MavenExecutionContext.execute(MavenExecutionContext.java:278)
	at org.eclipse.m2e.core.internal.project.registry.ProjectRegistryRefreshJob.run(ProjectRegistryRefreshJob.java:106)
	at org.eclipse.core.internal.jobs.Worker.run(Worker.java:63)
2025-05-30 23:13:23,200 [Worker-47: Updating Maven Dependencies] ERROR o.e.m.j.i.l.MavenLaunchConfigurationListener - Launch configuration AppMain (1) references non-existing project CreditHibernateMaven_main.
org.eclipse.core.runtime.CoreException: Launch configuration AppMain (1) references non-existing project CreditHibernateMaven_main.
	at org.eclipse.jdt.launching.JavaRuntime.abort(JavaRuntime.java:1870)
	at org.eclipse.jdt.launching.JavaRuntime.getJavaProject(JavaRuntime.java:1747)
	at org.eclipse.m2e.jdt.internal.launch.MavenLaunchConfigurationListener.updateLaunchConfiguration(MavenLaunchConfigurationListener.java:66)
	at org.eclipse.m2e.jdt.internal.launch.MavenLaunchConfigurationListener.launchConfigurationChanged(MavenLaunchConfigurationListener.java:52)
	at org.eclipse.debug.internal.core.LaunchManager$ConfigurationNotifier.run(LaunchManager.java:220)
	at org.eclipse.core.runtime.SafeRunner.run(SafeRunner.java:47)
	at org.eclipse.debug.internal.core.LaunchManager$ConfigurationNotifier.notify(LaunchManager.java:204)
	at org.eclipse.debug.internal.core.LaunchConfigurationWorkingCopy.setDirty(LaunchConfigurationWorkingCopy.java:527)
	at org.eclipse.debug.internal.core.LaunchConfigurationWorkingCopy.setAttribute(LaunchConfigurationWorkingCopy.java:415)
	at org.eclipse.m2e.jdt.internal.launch.MavenRuntimeClasspathProvider.disable(MavenRuntimeClasspathProvider.java:410)
	at org.eclipse.m2e.jdt.internal.launch.MavenRuntimeClasspathProvider.disable(MavenRuntimeClasspathProvider.java:435)
	at org.eclipse.m2e.jdt.internal.launch.MavenLaunchConfigurationListener.mavenProjectChanged(MavenLaunchConfigurationListener.java:137)
	at org.eclipse.m2e.core.internal.project.registry.ProjectRegistryManager.notifyProjectChangeListeners(ProjectRegistryManager.java:892)
	at org.eclipse.m2e.core.internal.project.registry.ProjectRegistryManager.applyMutableProjectRegistry(ProjectRegistryManager.java:1042)
	at org.eclipse.m2e.core.internal.project.registry.ProjectRegistryRefreshJob.lambda$0(ProjectRegistryRefreshJob.java:162)
	at org.eclipse.m2e.core.internal.embedder.MavenExecutionContext.executeBare(MavenExecutionContext.java:458)
	at org.eclipse.m2e.core.internal.embedder.MavenExecutionContext.execute(MavenExecutionContext.java:339)
	at org.eclipse.m2e.core.internal.embedder.MavenExecutionContext.execute(MavenExecutionContext.java:278)
	at org.eclipse.m2e.core.internal.project.registry.ProjectRegistryRefreshJob.run(ProjectRegistryRefreshJob.java:106)
	at org.eclipse.core.internal.jobs.Worker.run(Worker.java:63)
2025-05-30 23:13:23,222 [Worker-47: Updating Maven Dependencies] ERROR o.e.m.j.i.l.MavenLaunchConfigurationListener - Launch configuration AppMain (1) references non-existing project CreditHibernateMaven_main.
org.eclipse.core.runtime.CoreException: Launch configuration AppMain (1) references non-existing project CreditHibernateMaven_main.
	at org.eclipse.jdt.launching.JavaRuntime.abort(JavaRuntime.java:1870)
	at org.eclipse.jdt.launching.JavaRuntime.getJavaProject(JavaRuntime.java:1747)
	at org.eclipse.m2e.jdt.internal.launch.MavenLaunchConfigurationListener.updateLaunchConfiguration(MavenLaunchConfigurationListener.java:66)
	at org.eclipse.m2e.jdt.internal.launch.MavenLaunchConfigurationListener.launchConfigurationChanged(MavenLaunchConfigurationListener.java:52)
	at org.eclipse.debug.internal.core.LaunchManager$ConfigurationNotifier.run(LaunchManager.java:220)
	at org.eclipse.core.runtime.SafeRunner.run(SafeRunner.java:47)
	at org.eclipse.debug.internal.core.LaunchManager$ConfigurationNotifier.notify(LaunchManager.java:204)
	at org.eclipse.debug.internal.core.LaunchManager.launchConfigurationChanged(LaunchManager.java:2010)
	at org.eclipse.debug.internal.core.LaunchConfigurationWorkingCopy.writeNewFile(LaunchConfigurationWorkingCopy.java:380)
	at org.eclipse.debug.internal.core.LaunchConfigurationWorkingCopy.doSave0(LaunchConfigurationWorkingCopy.java:259)
	at org.eclipse.debug.internal.core.LaunchConfigurationWorkingCopy.doSave(LaunchConfigurationWorkingCopy.java:229)
	at org.eclipse.debug.internal.core.LaunchConfigurationWorkingCopy.doSave(LaunchConfigurationWorkingCopy.java:187)
	at org.eclipse.m2e.jdt.internal.launch.MavenRuntimeClasspathProvider.disable(MavenRuntimeClasspathProvider.java:411)
	at org.eclipse.m2e.jdt.internal.launch.MavenRuntimeClasspathProvider.disable(MavenRuntimeClasspathProvider.java:435)
	at org.eclipse.m2e.jdt.internal.launch.MavenLaunchConfigurationListener.mavenProjectChanged(MavenLaunchConfigurationListener.java:137)
	at org.eclipse.m2e.core.internal.project.registry.ProjectRegistryManager.notifyProjectChangeListeners(ProjectRegistryManager.java:892)
	at org.eclipse.m2e.core.internal.project.registry.ProjectRegistryManager.applyMutableProjectRegistry(ProjectRegistryManager.java:1042)
	at org.eclipse.m2e.core.internal.project.registry.ProjectRegistryRefreshJob.lambda$0(ProjectRegistryRefreshJob.java:162)
	at org.eclipse.m2e.core.internal.embedder.MavenExecutionContext.executeBare(MavenExecutionContext.java:458)
	at org.eclipse.m2e.core.internal.embedder.MavenExecutionContext.execute(MavenExecutionContext.java:339)
	at org.eclipse.m2e.core.internal.embedder.MavenExecutionContext.execute(MavenExecutionContext.java:278)
	at org.eclipse.m2e.core.internal.project.registry.ProjectRegistryRefreshJob.run(ProjectRegistryRefreshJob.java:106)
	at org.eclipse.core.internal.jobs.Worker.run(Worker.java:63)
2025-05-30 23:13:23,569 [Worker-44: Building] INFO  o.e.m.c.i.l.LifecycleMappingFactory - Using org.eclipse.m2e.jdt.JarLifecycleMapping lifecycle mapping for MavenProject: CreditHibernateMaven:CreditHibernateMaven:0.0.1-SNAPSHOT @ D:\Code\Java_Uck\sv-BuiHaiDang\CreditHibernateMaven_Bai2\pom.xml.
2025-05-30 23:13:23,890 [Worker-44: Building] WARN  o.e.m.c.i.embedder.EclipseLogger - The artifact org.hibernate:hibernate-core:jar:6.4.0.Final has been relocated to org.hibernate.orm:hibernate-core:jar:6.4.0.Final
2025-05-30 23:13:23,981 [Worker-44: Building] WARN  o.a.m.s.f.DefaultMavenResourcesFiltering - Using platform encoding (UTF-8 actually) to copy filtered resources, i.e. build is platform dependent!
2025-05-30 23:13:23,982 [Worker-44: Building] INFO  o.a.m.s.f.DefaultMavenResourcesFiltering - Copying 0 resource from src\main\resources to target\classes
2025-05-30 23:13:23,989 [Worker-44: Building] WARN  o.a.m.s.f.DefaultMavenResourcesFiltering - Using platform encoding (UTF-8 actually) to copy filtered resources, i.e. build is platform dependent!
2025-05-30 23:13:23,990 [Worker-44: Building] INFO  o.a.m.s.f.DefaultMavenResourcesFiltering - Copying 0 resource from src\test\resources to target\test-classes
2025-05-30 23:13:25,150 [Worker-43: Building] WARN  o.a.m.s.f.DefaultMavenResourcesFiltering - Using platform encoding (UTF-8 actually) to copy filtered resources, i.e. build is platform dependent!
2025-05-30 23:13:25,151 [Worker-43: Building] INFO  o.a.m.s.f.DefaultMavenResourcesFiltering - Copying 0 resource from src\main\resources to target\classes
2025-05-30 23:13:25,154 [Worker-43: Building] WARN  o.a.m.s.f.DefaultMavenResourcesFiltering - Using platform encoding (UTF-8 actually) to copy filtered resources, i.e. build is platform dependent!
2025-05-30 23:13:25,155 [Worker-43: Building] INFO  o.a.m.s.f.DefaultMavenResourcesFiltering - Copying 0 resource from src\test\resources to target\test-classes
2025-05-31 08:47:29,036 [Worker-4: Loading available Gradle versions] INFO  o.e.b.c.i.u.g.PublishedGradleVersions - Gradle version information cache is up-to-date. Trying to read.
2025-06-03 16:37:02,463 [Worker-1: Loading available Gradle versions] INFO  o.e.b.c.i.u.g.PublishedGradleVersions - Gradle version information cache is out-of-date. Trying to update.
2025-06-03 16:45:30,850 [Worker-7: Building] WARN  o.e.m.c.i.embedder.EclipseLogger - The artifact org.hibernate:hibernate-core:jar:6.4.0.Final has been relocated to org.hibernate.orm:hibernate-core:jar:6.4.0.Final
2025-06-03 16:45:31,608 [Worker-7: Building] WARN  o.a.m.s.f.DefaultMavenResourcesFiltering - Using platform encoding (UTF-8 actually) to copy filtered resources, i.e. build is platform dependent!
2025-06-03 16:45:31,662 [Worker-7: Building] INFO  o.a.m.s.f.DefaultMavenResourcesFiltering - Copying 0 resource from src\main\resources to target\classes
2025-06-03 16:45:31,668 [Worker-7: Building] WARN  o.a.m.s.f.DefaultMavenResourcesFiltering - Using platform encoding (UTF-8 actually) to copy filtered resources, i.e. build is platform dependent!
2025-06-03 16:45:31,669 [Worker-7: Building] INFO  o.a.m.s.f.DefaultMavenResourcesFiltering - Copying 0 resource from src\test\resources to target\test-classes
2025-06-03 16:45:33,992 [Worker-7: Building] WARN  o.e.m.c.i.embedder.EclipseLogger - The artifact org.hibernate:hibernate-core:jar:6.4.0.Final has been relocated to org.hibernate.orm:hibernate-core:jar:6.4.0.Final
2025-06-03 16:45:34,053 [Worker-7: Building] WARN  o.a.m.s.f.DefaultMavenResourcesFiltering - Using platform encoding (UTF-8 actually) to copy filtered resources, i.e. build is platform dependent!
2025-06-03 16:45:34,070 [Worker-7: Building] INFO  o.a.m.s.f.DefaultMavenResourcesFiltering - Copying 0 resource from src\main\resources to target\classes
2025-06-03 16:45:34,086 [Worker-7: Building] WARN  o.a.m.s.f.DefaultMavenResourcesFiltering - Using platform encoding (UTF-8 actually) to copy filtered resources, i.e. build is platform dependent!
2025-06-03 16:45:34,087 [Worker-7: Building] INFO  o.a.m.s.f.DefaultMavenResourcesFiltering - Copying 0 resource from src\test\resources to target\test-classes
2025-06-03 16:45:35,014 [Worker-7: Building] WARN  o.a.m.s.f.DefaultMavenResourcesFiltering - Using platform encoding (UTF-8 actually) to copy filtered resources, i.e. build is platform dependent!
2025-06-03 16:45:35,024 [Worker-7: Building] INFO  o.a.m.s.f.DefaultMavenResourcesFiltering - Copying 0 resource from src\main\resources to target\classes
2025-06-03 16:45:35,032 [Worker-7: Building] WARN  o.a.m.s.f.DefaultMavenResourcesFiltering - Using platform encoding (UTF-8 actually) to copy filtered resources, i.e. build is platform dependent!
2025-06-03 16:45:35,038 [Worker-7: Building] INFO  o.a.m.s.f.DefaultMavenResourcesFiltering - Copying 0 resource from src\test\resources to target\test-classes
2025-06-03 16:45:40,806 [Worker-16: Building] WARN  o.a.m.s.f.DefaultMavenResourcesFiltering - Using platform encoding (UTF-8 actually) to copy filtered resources, i.e. build is platform dependent!
2025-06-03 16:45:40,807 [Worker-16: Building] INFO  o.a.m.s.f.DefaultMavenResourcesFiltering - Copying 2 resources from src to target\classes
2025-06-03 16:45:40,834 [Worker-16: Building] WARN  o.a.m.s.f.DefaultMavenResourcesFiltering - Using platform encoding (UTF-8 actually) to copy filtered resources, i.e. build is platform dependent!
2025-06-03 16:45:40,836 [Worker-16: Building] INFO  o.a.m.s.f.DefaultMavenResourcesFiltering - skip non existing resourceDirectory D:\Code\Java_Uck\sv-BuiHaiDang\Tinchi_MySQL\src\test\resources
2025-06-03 16:45:42,711 [Worker-15: Building] WARN  o.a.m.s.f.DefaultMavenResourcesFiltering - Using platform encoding (UTF-8 actually) to copy filtered resources, i.e. build is platform dependent!
2025-06-03 16:45:42,713 [Worker-15: Building] INFO  o.a.m.s.f.DefaultMavenResourcesFiltering - Copying 0 resource from src\main\resources to target\classes
2025-06-03 16:45:42,714 [Worker-15: Building] WARN  o.a.m.s.f.DefaultMavenResourcesFiltering - Using platform encoding (UTF-8 actually) to copy filtered resources, i.e. build is platform dependent!
2025-06-03 16:45:42,716 [Worker-15: Building] INFO  o.a.m.s.f.DefaultMavenResourcesFiltering - Copying 0 resource from src\test\resources to target\test-classes
2025-06-03 16:48:28,077 [Worker-17: Building] WARN  o.a.m.s.f.DefaultMavenResourcesFiltering - Using platform encoding (UTF-8 actually) to copy filtered resources, i.e. build is platform dependent!
2025-06-03 16:48:28,078 [Worker-17: Building] INFO  o.a.m.s.f.DefaultMavenResourcesFiltering - Copying 0 resource from src\main\resources to target\classes
2025-06-03 16:48:28,086 [Worker-17: Building] WARN  o.a.m.s.f.DefaultMavenResourcesFiltering - Using platform encoding (UTF-8 actually) to copy filtered resources, i.e. build is platform dependent!
2025-06-03 16:48:28,087 [Worker-17: Building] INFO  o.a.m.s.f.DefaultMavenResourcesFiltering - Copying 0 resource from src\test\resources to target\test-classes
2025-06-03 16:49:57,435 [Worker-20: Building] WARN  o.a.m.s.f.DefaultMavenResourcesFiltering - Using platform encoding (UTF-8 actually) to copy filtered resources, i.e. build is platform dependent!
2025-06-03 16:49:57,436 [Worker-20: Building] INFO  o.a.m.s.f.DefaultMavenResourcesFiltering - Copying 0 resource from src\main\resources to target\classes
2025-06-03 16:49:57,443 [Worker-20: Building] WARN  o.a.m.s.f.DefaultMavenResourcesFiltering - Using platform encoding (UTF-8 actually) to copy filtered resources, i.e. build is platform dependent!
2025-06-03 16:49:57,444 [Worker-20: Building] INFO  o.a.m.s.f.DefaultMavenResourcesFiltering - Copying 0 resource from src\test\resources to target\test-classes
2025-06-03 16:50:00,499 [Worker-21: Building] WARN  o.a.m.s.f.DefaultMavenResourcesFiltering - Using platform encoding (UTF-8 actually) to copy filtered resources, i.e. build is platform dependent!
2025-06-03 16:50:00,500 [Worker-21: Building] INFO  o.a.m.s.f.DefaultMavenResourcesFiltering - Copying 0 resource from src\main\resources to target\classes
2025-06-03 16:50:00,502 [Worker-21: Building] WARN  o.a.m.s.f.DefaultMavenResourcesFiltering - Using platform encoding (UTF-8 actually) to copy filtered resources, i.e. build is platform dependent!
2025-06-03 16:50:00,503 [Worker-21: Building] INFO  o.a.m.s.f.DefaultMavenResourcesFiltering - Copying 0 resource from src\test\resources to target\test-classes
2025-06-03 16:50:11,029 [Worker-21: Building] WARN  o.a.m.s.f.DefaultMavenResourcesFiltering - Using platform encoding (UTF-8 actually) to copy filtered resources, i.e. build is platform dependent!
2025-06-03 16:50:11,031 [Worker-21: Building] INFO  o.a.m.s.f.DefaultMavenResourcesFiltering - Copying 0 resource from src\main\resources to target\classes
2025-06-03 16:50:11,034 [Worker-21: Building] WARN  o.a.m.s.f.DefaultMavenResourcesFiltering - Using platform encoding (UTF-8 actually) to copy filtered resources, i.e. build is platform dependent!
2025-06-03 16:50:11,035 [Worker-21: Building] INFO  o.a.m.s.f.DefaultMavenResourcesFiltering - Copying 0 resource from src\test\resources to target\test-classes
2025-06-03 16:50:24,015 [Worker-20: Building] WARN  o.a.m.s.f.DefaultMavenResourcesFiltering - Using platform encoding (UTF-8 actually) to copy filtered resources, i.e. build is platform dependent!
2025-06-03 16:50:24,017 [Worker-20: Building] INFO  o.a.m.s.f.DefaultMavenResourcesFiltering - Copying 0 resource from src\main\resources to target\classes
2025-06-03 16:50:24,019 [Worker-20: Building] WARN  o.a.m.s.f.DefaultMavenResourcesFiltering - Using platform encoding (UTF-8 actually) to copy filtered resources, i.e. build is platform dependent!
2025-06-03 16:50:24,020 [Worker-20: Building] INFO  o.a.m.s.f.DefaultMavenResourcesFiltering - Copying 0 resource from src\test\resources to target\test-classes
2025-06-03 16:50:28,504 [Worker-21: Building] WARN  o.a.m.s.f.DefaultMavenResourcesFiltering - Using platform encoding (UTF-8 actually) to copy filtered resources, i.e. build is platform dependent!
2025-06-03 16:50:28,508 [Worker-21: Building] INFO  o.a.m.s.f.DefaultMavenResourcesFiltering - Copying 0 resource from src\main\resources to target\classes
2025-06-03 16:50:28,512 [Worker-21: Building] WARN  o.a.m.s.f.DefaultMavenResourcesFiltering - Using platform encoding (UTF-8 actually) to copy filtered resources, i.e. build is platform dependent!
2025-06-03 16:50:28,514 [Worker-21: Building] INFO  o.a.m.s.f.DefaultMavenResourcesFiltering - Copying 0 resource from src\test\resources to target\test-classes
2025-06-03 16:50:37,503 [Worker-24: Building] WARN  o.a.m.s.f.DefaultMavenResourcesFiltering - Using platform encoding (UTF-8 actually) to copy filtered resources, i.e. build is platform dependent!
2025-06-03 16:50:37,503 [Worker-24: Building] INFO  o.a.m.s.f.DefaultMavenResourcesFiltering - Copying 0 resource from src\main\resources to target\classes
2025-06-03 16:50:37,507 [Worker-24: Building] WARN  o.a.m.s.f.DefaultMavenResourcesFiltering - Using platform encoding (UTF-8 actually) to copy filtered resources, i.e. build is platform dependent!
2025-06-03 16:50:37,510 [Worker-24: Building] INFO  o.a.m.s.f.DefaultMavenResourcesFiltering - Copying 0 resource from src\test\resources to target\test-classes
2025-06-03 16:50:42,891 [Worker-21: Building] WARN  o.a.m.s.f.DefaultMavenResourcesFiltering - Using platform encoding (UTF-8 actually) to copy filtered resources, i.e. build is platform dependent!
2025-06-03 16:50:42,892 [Worker-21: Building] INFO  o.a.m.s.f.DefaultMavenResourcesFiltering - Copying 0 resource from src\main\resources to target\classes
2025-06-03 16:50:42,896 [Worker-21: Building] WARN  o.a.m.s.f.DefaultMavenResourcesFiltering - Using platform encoding (UTF-8 actually) to copy filtered resources, i.e. build is platform dependent!
2025-06-03 16:50:42,896 [Worker-21: Building] INFO  o.a.m.s.f.DefaultMavenResourcesFiltering - Copying 0 resource from src\test\resources to target\test-classes
2025-06-03 16:50:48,119 [Worker-25: Building] WARN  o.a.m.s.f.DefaultMavenResourcesFiltering - Using platform encoding (UTF-8 actually) to copy filtered resources, i.e. build is platform dependent!
2025-06-03 16:50:48,120 [Worker-25: Building] INFO  o.a.m.s.f.DefaultMavenResourcesFiltering - Copying 0 resource from src\main\resources to target\classes
2025-06-03 16:50:48,125 [Worker-25: Building] WARN  o.a.m.s.f.DefaultMavenResourcesFiltering - Using platform encoding (UTF-8 actually) to copy filtered resources, i.e. build is platform dependent!
2025-06-03 16:50:48,126 [Worker-25: Building] INFO  o.a.m.s.f.DefaultMavenResourcesFiltering - Copying 0 resource from src\test\resources to target\test-classes
2025-06-03 16:50:57,138 [Worker-24: Building] WARN  o.a.m.s.f.DefaultMavenResourcesFiltering - Using platform encoding (UTF-8 actually) to copy filtered resources, i.e. build is platform dependent!
2025-06-03 16:50:57,140 [Worker-24: Building] INFO  o.a.m.s.f.DefaultMavenResourcesFiltering - Copying 0 resource from src\main\resources to target\classes
2025-06-03 16:50:57,144 [Worker-24: Building] WARN  o.a.m.s.f.DefaultMavenResourcesFiltering - Using platform encoding (UTF-8 actually) to copy filtered resources, i.e. build is platform dependent!
2025-06-03 16:50:57,146 [Worker-24: Building] INFO  o.a.m.s.f.DefaultMavenResourcesFiltering - Copying 0 resource from src\test\resources to target\test-classes
2025-06-03 16:51:10,616 [Worker-21: Building] WARN  o.a.m.s.f.DefaultMavenResourcesFiltering - Using platform encoding (UTF-8 actually) to copy filtered resources, i.e. build is platform dependent!
2025-06-03 16:51:10,617 [Worker-21: Building] INFO  o.a.m.s.f.DefaultMavenResourcesFiltering - Copying 0 resource from src\main\resources to target\classes
2025-06-03 16:51:10,619 [Worker-21: Building] WARN  o.a.m.s.f.DefaultMavenResourcesFiltering - Using platform encoding (UTF-8 actually) to copy filtered resources, i.e. build is platform dependent!
2025-06-03 16:51:10,620 [Worker-21: Building] INFO  o.a.m.s.f.DefaultMavenResourcesFiltering - Copying 0 resource from src\test\resources to target\test-classes
2025-06-03 16:51:14,927 [Worker-20: Building] WARN  o.a.m.s.f.DefaultMavenResourcesFiltering - Using platform encoding (UTF-8 actually) to copy filtered resources, i.e. build is platform dependent!
2025-06-03 16:51:14,929 [Worker-20: Building] INFO  o.a.m.s.f.DefaultMavenResourcesFiltering - Copying 0 resource from src\main\resources to target\classes
2025-06-03 16:51:14,931 [Worker-20: Building] WARN  o.a.m.s.f.DefaultMavenResourcesFiltering - Using platform encoding (UTF-8 actually) to copy filtered resources, i.e. build is platform dependent!
2025-06-03 16:51:14,932 [Worker-20: Building] INFO  o.a.m.s.f.DefaultMavenResourcesFiltering - Copying 0 resource from src\test\resources to target\test-classes
2025-06-03 16:51:28,180 [Worker-23: Building] WARN  o.a.m.s.f.DefaultMavenResourcesFiltering - Using platform encoding (UTF-8 actually) to copy filtered resources, i.e. build is platform dependent!
2025-06-03 16:51:28,182 [Worker-23: Building] INFO  o.a.m.s.f.DefaultMavenResourcesFiltering - Copying 0 resource from src\main\resources to target\classes
2025-06-03 16:51:28,185 [Worker-23: Building] WARN  o.a.m.s.f.DefaultMavenResourcesFiltering - Using platform encoding (UTF-8 actually) to copy filtered resources, i.e. build is platform dependent!
2025-06-03 16:51:28,185 [Worker-23: Building] INFO  o.a.m.s.f.DefaultMavenResourcesFiltering - Copying 0 resource from src\test\resources to target\test-classes
2025-06-03 16:51:32,069 [Worker-24: Building] WARN  o.a.m.s.f.DefaultMavenResourcesFiltering - Using platform encoding (UTF-8 actually) to copy filtered resources, i.e. build is platform dependent!
2025-06-03 16:51:32,070 [Worker-24: Building] INFO  o.a.m.s.f.DefaultMavenResourcesFiltering - Copying 0 resource from src\main\resources to target\classes
2025-06-03 16:51:32,073 [Worker-24: Building] WARN  o.a.m.s.f.DefaultMavenResourcesFiltering - Using platform encoding (UTF-8 actually) to copy filtered resources, i.e. build is platform dependent!
2025-06-03 16:51:32,074 [Worker-24: Building] INFO  o.a.m.s.f.DefaultMavenResourcesFiltering - Copying 0 resource from src\test\resources to target\test-classes
2025-06-03 16:51:36,375 [Worker-21: Building] WARN  o.a.m.s.f.DefaultMavenResourcesFiltering - Using platform encoding (UTF-8 actually) to copy filtered resources, i.e. build is platform dependent!
2025-06-03 16:51:36,376 [Worker-21: Building] INFO  o.a.m.s.f.DefaultMavenResourcesFiltering - Copying 0 resource from src\main\resources to target\classes
2025-06-03 16:51:36,380 [Worker-21: Building] WARN  o.a.m.s.f.DefaultMavenResourcesFiltering - Using platform encoding (UTF-8 actually) to copy filtered resources, i.e. build is platform dependent!
2025-06-03 16:51:36,381 [Worker-21: Building] INFO  o.a.m.s.f.DefaultMavenResourcesFiltering - Copying 0 resource from src\test\resources to target\test-classes
2025-06-03 16:51:52,776 [Worker-21: Building] WARN  o.a.m.s.f.DefaultMavenResourcesFiltering - Using platform encoding (UTF-8 actually) to copy filtered resources, i.e. build is platform dependent!
2025-06-03 16:51:52,777 [Worker-21: Building] INFO  o.a.m.s.f.DefaultMavenResourcesFiltering - Copying 0 resource from src\main\resources to target\classes
2025-06-03 16:51:52,780 [Worker-21: Building] WARN  o.a.m.s.f.DefaultMavenResourcesFiltering - Using platform encoding (UTF-8 actually) to copy filtered resources, i.e. build is platform dependent!
2025-06-03 16:51:52,781 [Worker-21: Building] INFO  o.a.m.s.f.DefaultMavenResourcesFiltering - Copying 0 resource from src\test\resources to target\test-classes
2025-06-03 16:52:01,335 [Worker-21: Building] WARN  o.a.m.s.f.DefaultMavenResourcesFiltering - Using platform encoding (UTF-8 actually) to copy filtered resources, i.e. build is platform dependent!
2025-06-03 16:52:01,337 [Worker-21: Building] INFO  o.a.m.s.f.DefaultMavenResourcesFiltering - Copying 0 resource from src\main\resources to target\classes
2025-06-03 16:52:01,341 [Worker-21: Building] WARN  o.a.m.s.f.DefaultMavenResourcesFiltering - Using platform encoding (UTF-8 actually) to copy filtered resources, i.e. build is platform dependent!
2025-06-03 16:52:01,342 [Worker-21: Building] INFO  o.a.m.s.f.DefaultMavenResourcesFiltering - Copying 0 resource from src\test\resources to target\test-classes
2025-06-03 16:54:05,557 [Worker-26: Building] WARN  o.a.m.s.f.DefaultMavenResourcesFiltering - Using platform encoding (UTF-8 actually) to copy filtered resources, i.e. build is platform dependent!
2025-06-03 16:54:05,559 [Worker-26: Building] INFO  o.a.m.s.f.DefaultMavenResourcesFiltering - Copying 0 resource from src\main\resources to target\classes
2025-06-03 16:54:05,561 [Worker-26: Building] WARN  o.a.m.s.f.DefaultMavenResourcesFiltering - Using platform encoding (UTF-8 actually) to copy filtered resources, i.e. build is platform dependent!
2025-06-03 16:54:05,562 [Worker-26: Building] INFO  o.a.m.s.f.DefaultMavenResourcesFiltering - Copying 0 resource from src\test\resources to target\test-classes
2025-06-03 16:54:06,781 [Worker-25: Building] WARN  o.a.m.s.f.DefaultMavenResourcesFiltering - Using platform encoding (UTF-8 actually) to copy filtered resources, i.e. build is platform dependent!
2025-06-03 16:54:06,783 [Worker-25: Building] INFO  o.a.m.s.f.DefaultMavenResourcesFiltering - Copying 0 resource from src\main\resources to target\classes
2025-06-03 16:54:06,785 [Worker-25: Building] WARN  o.a.m.s.f.DefaultMavenResourcesFiltering - Using platform encoding (UTF-8 actually) to copy filtered resources, i.e. build is platform dependent!
2025-06-03 16:54:06,786 [Worker-25: Building] INFO  o.a.m.s.f.DefaultMavenResourcesFiltering - Copying 0 resource from src\test\resources to target\test-classes
2025-06-03 16:54:13,091 [Worker-24: Building] WARN  o.a.m.s.f.DefaultMavenResourcesFiltering - Using platform encoding (UTF-8 actually) to copy filtered resources, i.e. build is platform dependent!
2025-06-03 16:54:13,091 [Worker-24: Building] INFO  o.a.m.s.f.DefaultMavenResourcesFiltering - Copying 0 resource from src\main\resources to target\classes
2025-06-03 16:54:13,094 [Worker-24: Building] WARN  o.a.m.s.f.DefaultMavenResourcesFiltering - Using platform encoding (UTF-8 actually) to copy filtered resources, i.e. build is platform dependent!
2025-06-03 16:54:13,095 [Worker-24: Building] INFO  o.a.m.s.f.DefaultMavenResourcesFiltering - Copying 0 resource from src\test\resources to target\test-classes
2025-06-03 16:54:16,146 [Worker-24: Building] WARN  o.a.m.s.f.DefaultMavenResourcesFiltering - Using platform encoding (UTF-8 actually) to copy filtered resources, i.e. build is platform dependent!
2025-06-03 16:54:16,146 [Worker-24: Building] INFO  o.a.m.s.f.DefaultMavenResourcesFiltering - Copying 0 resource from src\main\resources to target\classes
2025-06-03 16:54:16,148 [Worker-24: Building] WARN  o.a.m.s.f.DefaultMavenResourcesFiltering - Using platform encoding (UTF-8 actually) to copy filtered resources, i.e. build is platform dependent!
2025-06-03 16:54:16,149 [Worker-24: Building] INFO  o.a.m.s.f.DefaultMavenResourcesFiltering - Copying 0 resource from src\test\resources to target\test-classes
2025-06-03 16:54:17,263 [Worker-26: Building] WARN  o.a.m.s.f.DefaultMavenResourcesFiltering - Using platform encoding (UTF-8 actually) to copy filtered resources, i.e. build is platform dependent!
2025-06-03 16:54:17,263 [Worker-26: Building] INFO  o.a.m.s.f.DefaultMavenResourcesFiltering - Copying 0 resource from src\main\resources to target\classes
2025-06-03 16:54:17,265 [Worker-26: Building] WARN  o.a.m.s.f.DefaultMavenResourcesFiltering - Using platform encoding (UTF-8 actually) to copy filtered resources, i.e. build is platform dependent!
2025-06-03 16:54:17,266 [Worker-26: Building] INFO  o.a.m.s.f.DefaultMavenResourcesFiltering - Copying 0 resource from src\test\resources to target\test-classes
2025-06-03 16:54:27,717 [Worker-26: Building] WARN  o.a.m.s.f.DefaultMavenResourcesFiltering - Using platform encoding (UTF-8 actually) to copy filtered resources, i.e. build is platform dependent!
2025-06-03 16:54:27,718 [Worker-26: Building] INFO  o.a.m.s.f.DefaultMavenResourcesFiltering - Copying 0 resource from src\main\resources to target\classes
2025-06-03 16:54:27,722 [Worker-26: Building] WARN  o.a.m.s.f.DefaultMavenResourcesFiltering - Using platform encoding (UTF-8 actually) to copy filtered resources, i.e. build is platform dependent!
2025-06-03 16:54:27,724 [Worker-26: Building] INFO  o.a.m.s.f.DefaultMavenResourcesFiltering - Copying 0 resource from src\test\resources to target\test-classes
2025-06-03 16:54:34,744 [Worker-24: Building] WARN  o.a.m.s.f.DefaultMavenResourcesFiltering - Using platform encoding (UTF-8 actually) to copy filtered resources, i.e. build is platform dependent!
2025-06-03 16:54:34,746 [Worker-24: Building] INFO  o.a.m.s.f.DefaultMavenResourcesFiltering - Copying 0 resource from src\main\resources to target\classes
2025-06-03 16:54:34,748 [Worker-24: Building] WARN  o.a.m.s.f.DefaultMavenResourcesFiltering - Using platform encoding (UTF-8 actually) to copy filtered resources, i.e. build is platform dependent!
2025-06-03 16:54:34,750 [Worker-24: Building] INFO  o.a.m.s.f.DefaultMavenResourcesFiltering - Copying 0 resource from src\test\resources to target\test-classes
2025-06-03 16:54:43,086 [Worker-29: Building] WARN  o.a.m.s.f.DefaultMavenResourcesFiltering - Using platform encoding (UTF-8 actually) to copy filtered resources, i.e. build is platform dependent!
2025-06-03 16:54:43,087 [Worker-29: Building] INFO  o.a.m.s.f.DefaultMavenResourcesFiltering - Copying 0 resource from src\main\resources to target\classes
2025-06-03 16:54:43,091 [Worker-29: Building] WARN  o.a.m.s.f.DefaultMavenResourcesFiltering - Using platform encoding (UTF-8 actually) to copy filtered resources, i.e. build is platform dependent!
2025-06-03 16:54:43,092 [Worker-29: Building] INFO  o.a.m.s.f.DefaultMavenResourcesFiltering - Copying 0 resource from src\test\resources to target\test-classes
2025-06-03 16:54:47,734 [Worker-27: Building] WARN  o.a.m.s.f.DefaultMavenResourcesFiltering - Using platform encoding (UTF-8 actually) to copy filtered resources, i.e. build is platform dependent!
2025-06-03 16:54:47,735 [Worker-27: Building] INFO  o.a.m.s.f.DefaultMavenResourcesFiltering - Copying 0 resource from src\main\resources to target\classes
2025-06-03 16:54:47,739 [Worker-27: Building] WARN  o.a.m.s.f.DefaultMavenResourcesFiltering - Using platform encoding (UTF-8 actually) to copy filtered resources, i.e. build is platform dependent!
2025-06-03 16:54:47,742 [Worker-27: Building] INFO  o.a.m.s.f.DefaultMavenResourcesFiltering - Copying 0 resource from src\test\resources to target\test-classes
2025-06-03 16:54:54,742 [Worker-25: Building] WARN  o.a.m.s.f.DefaultMavenResourcesFiltering - Using platform encoding (UTF-8 actually) to copy filtered resources, i.e. build is platform dependent!
2025-06-03 16:54:54,744 [Worker-25: Building] INFO  o.a.m.s.f.DefaultMavenResourcesFiltering - Copying 0 resource from src\main\resources to target\classes
2025-06-03 16:54:54,747 [Worker-25: Building] WARN  o.a.m.s.f.DefaultMavenResourcesFiltering - Using platform encoding (UTF-8 actually) to copy filtered resources, i.e. build is platform dependent!
2025-06-03 16:54:54,749 [Worker-25: Building] INFO  o.a.m.s.f.DefaultMavenResourcesFiltering - Copying 0 resource from src\test\resources to target\test-classes
2025-06-03 16:55:00,244 [Worker-25: Building] WARN  o.a.m.s.f.DefaultMavenResourcesFiltering - Using platform encoding (UTF-8 actually) to copy filtered resources, i.e. build is platform dependent!
2025-06-03 16:55:00,246 [Worker-25: Building] INFO  o.a.m.s.f.DefaultMavenResourcesFiltering - Copying 0 resource from src\main\resources to target\classes
2025-06-03 16:55:00,248 [Worker-25: Building] WARN  o.a.m.s.f.DefaultMavenResourcesFiltering - Using platform encoding (UTF-8 actually) to copy filtered resources, i.e. build is platform dependent!
2025-06-03 16:55:00,249 [Worker-25: Building] INFO  o.a.m.s.f.DefaultMavenResourcesFiltering - Copying 0 resource from src\test\resources to target\test-classes
2025-06-03 16:55:03,512 [Worker-22: Building] WARN  o.a.m.s.f.DefaultMavenResourcesFiltering - Using platform encoding (UTF-8 actually) to copy filtered resources, i.e. build is platform dependent!
2025-06-03 16:55:03,513 [Worker-22: Building] INFO  o.a.m.s.f.DefaultMavenResourcesFiltering - Copying 0 resource from src\main\resources to target\classes
2025-06-03 16:55:03,516 [Worker-22: Building] WARN  o.a.m.s.f.DefaultMavenResourcesFiltering - Using platform encoding (UTF-8 actually) to copy filtered resources, i.e. build is platform dependent!
2025-06-03 16:55:03,517 [Worker-22: Building] INFO  o.a.m.s.f.DefaultMavenResourcesFiltering - Copying 0 resource from src\test\resources to target\test-classes
2025-06-03 16:55:22,416 [Worker-29: Building] WARN  o.a.m.s.f.DefaultMavenResourcesFiltering - Using platform encoding (UTF-8 actually) to copy filtered resources, i.e. build is platform dependent!
2025-06-03 16:55:22,418 [Worker-29: Building] INFO  o.a.m.s.f.DefaultMavenResourcesFiltering - Copying 0 resource from src\main\resources to target\classes
2025-06-03 16:55:22,424 [Worker-29: Building] WARN  o.a.m.s.f.DefaultMavenResourcesFiltering - Using platform encoding (UTF-8 actually) to copy filtered resources, i.e. build is platform dependent!
2025-06-03 16:55:22,426 [Worker-29: Building] INFO  o.a.m.s.f.DefaultMavenResourcesFiltering - Copying 0 resource from src\test\resources to target\test-classes
2025-06-03 16:55:29,652 [Worker-24: Building] WARN  o.a.m.s.f.DefaultMavenResourcesFiltering - Using platform encoding (UTF-8 actually) to copy filtered resources, i.e. build is platform dependent!
2025-06-03 16:55:29,655 [Worker-24: Building] INFO  o.a.m.s.f.DefaultMavenResourcesFiltering - Copying 0 resource from src\main\resources to target\classes
2025-06-03 16:55:29,658 [Worker-24: Building] WARN  o.a.m.s.f.DefaultMavenResourcesFiltering - Using platform encoding (UTF-8 actually) to copy filtered resources, i.e. build is platform dependent!
2025-06-03 16:55:29,661 [Worker-24: Building] INFO  o.a.m.s.f.DefaultMavenResourcesFiltering - Copying 0 resource from src\test\resources to target\test-classes
2025-06-03 16:55:34,604 [Worker-28: Building] WARN  o.a.m.s.f.DefaultMavenResourcesFiltering - Using platform encoding (UTF-8 actually) to copy filtered resources, i.e. build is platform dependent!
2025-06-03 16:55:34,606 [Worker-28: Building] INFO  o.a.m.s.f.DefaultMavenResourcesFiltering - Copying 0 resource from src\main\resources to target\classes
2025-06-03 16:55:34,608 [Worker-28: Building] WARN  o.a.m.s.f.DefaultMavenResourcesFiltering - Using platform encoding (UTF-8 actually) to copy filtered resources, i.e. build is platform dependent!
2025-06-03 16:55:34,609 [Worker-28: Building] INFO  o.a.m.s.f.DefaultMavenResourcesFiltering - Copying 0 resource from src\test\resources to target\test-classes
2025-06-03 16:55:45,709 [Worker-29: Building] WARN  o.a.m.s.f.DefaultMavenResourcesFiltering - Using platform encoding (UTF-8 actually) to copy filtered resources, i.e. build is platform dependent!
2025-06-03 16:55:45,711 [Worker-29: Building] INFO  o.a.m.s.f.DefaultMavenResourcesFiltering - Copying 0 resource from src\main\resources to target\classes
2025-06-03 16:55:45,714 [Worker-29: Building] WARN  o.a.m.s.f.DefaultMavenResourcesFiltering - Using platform encoding (UTF-8 actually) to copy filtered resources, i.e. build is platform dependent!
2025-06-03 16:55:45,715 [Worker-29: Building] INFO  o.a.m.s.f.DefaultMavenResourcesFiltering - Copying 0 resource from src\test\resources to target\test-classes
2025-06-03 16:56:30,298 [Worker-24: Building] WARN  o.a.m.s.f.DefaultMavenResourcesFiltering - Using platform encoding (UTF-8 actually) to copy filtered resources, i.e. build is platform dependent!
2025-06-03 16:56:30,299 [Worker-24: Building] INFO  o.a.m.s.f.DefaultMavenResourcesFiltering - Copying 0 resource from src\main\resources to target\classes
2025-06-03 16:56:30,302 [Worker-24: Building] WARN  o.a.m.s.f.DefaultMavenResourcesFiltering - Using platform encoding (UTF-8 actually) to copy filtered resources, i.e. build is platform dependent!
2025-06-03 16:56:30,303 [Worker-24: Building] INFO  o.a.m.s.f.DefaultMavenResourcesFiltering - Copying 0 resource from src\test\resources to target\test-classes
2025-06-03 16:56:43,419 [Worker-27: Building] WARN  o.a.m.s.f.DefaultMavenResourcesFiltering - Using platform encoding (UTF-8 actually) to copy filtered resources, i.e. build is platform dependent!
2025-06-03 16:56:43,420 [Worker-27: Building] INFO  o.a.m.s.f.DefaultMavenResourcesFiltering - Copying 0 resource from src\main\resources to target\classes
2025-06-03 16:56:43,423 [Worker-27: Building] WARN  o.a.m.s.f.DefaultMavenResourcesFiltering - Using platform encoding (UTF-8 actually) to copy filtered resources, i.e. build is platform dependent!
2025-06-03 16:56:43,424 [Worker-27: Building] INFO  o.a.m.s.f.DefaultMavenResourcesFiltering - Copying 0 resource from src\test\resources to target\test-classes
2025-06-03 16:56:46,439 [Worker-28: Building] WARN  o.a.m.s.f.DefaultMavenResourcesFiltering - Using platform encoding (UTF-8 actually) to copy filtered resources, i.e. build is platform dependent!
2025-06-03 16:56:46,440 [Worker-28: Building] INFO  o.a.m.s.f.DefaultMavenResourcesFiltering - Copying 0 resource from src\main\resources to target\classes
2025-06-03 16:56:46,442 [Worker-28: Building] WARN  o.a.m.s.f.DefaultMavenResourcesFiltering - Using platform encoding (UTF-8 actually) to copy filtered resources, i.e. build is platform dependent!
2025-06-03 16:56:46,444 [Worker-28: Building] INFO  o.a.m.s.f.DefaultMavenResourcesFiltering - Copying 0 resource from src\test\resources to target\test-classes
2025-06-03 16:57:13,493 [Worker-22: Building] WARN  o.a.m.s.f.DefaultMavenResourcesFiltering - Using platform encoding (UTF-8 actually) to copy filtered resources, i.e. build is platform dependent!
2025-06-03 16:57:13,495 [Worker-22: Building] INFO  o.a.m.s.f.DefaultMavenResourcesFiltering - Copying 0 resource from src\main\resources to target\classes
2025-06-03 16:57:13,497 [Worker-22: Building] WARN  o.a.m.s.f.DefaultMavenResourcesFiltering - Using platform encoding (UTF-8 actually) to copy filtered resources, i.e. build is platform dependent!
2025-06-03 16:57:13,499 [Worker-22: Building] INFO  o.a.m.s.f.DefaultMavenResourcesFiltering - Copying 0 resource from src\test\resources to target\test-classes
2025-06-03 16:57:21,701 [Worker-22: Building] WARN  o.a.m.s.f.DefaultMavenResourcesFiltering - Using platform encoding (UTF-8 actually) to copy filtered resources, i.e. build is platform dependent!
2025-06-03 16:57:21,702 [Worker-22: Building] INFO  o.a.m.s.f.DefaultMavenResourcesFiltering - Copying 0 resource from src\main\resources to target\classes
2025-06-03 16:57:21,705 [Worker-22: Building] WARN  o.a.m.s.f.DefaultMavenResourcesFiltering - Using platform encoding (UTF-8 actually) to copy filtered resources, i.e. build is platform dependent!
2025-06-03 16:57:21,707 [Worker-22: Building] INFO  o.a.m.s.f.DefaultMavenResourcesFiltering - Copying 0 resource from src\test\resources to target\test-classes
2025-06-03 16:57:36,762 [Worker-26: Building] WARN  o.a.m.s.f.DefaultMavenResourcesFiltering - Using platform encoding (UTF-8 actually) to copy filtered resources, i.e. build is platform dependent!
2025-06-03 16:57:36,763 [Worker-26: Building] INFO  o.a.m.s.f.DefaultMavenResourcesFiltering - Copying 0 resource from src\main\resources to target\classes
2025-06-03 16:57:36,764 [Worker-26: Building] WARN  o.a.m.s.f.DefaultMavenResourcesFiltering - Using platform encoding (UTF-8 actually) to copy filtered resources, i.e. build is platform dependent!
2025-06-03 16:57:36,765 [Worker-26: Building] INFO  o.a.m.s.f.DefaultMavenResourcesFiltering - Copying 0 resource from src\test\resources to target\test-classes
2025-06-03 16:57:43,068 [Worker-25: Building] WARN  o.a.m.s.f.DefaultMavenResourcesFiltering - Using platform encoding (UTF-8 actually) to copy filtered resources, i.e. build is platform dependent!
2025-06-03 16:57:43,069 [Worker-25: Building] INFO  o.a.m.s.f.DefaultMavenResourcesFiltering - Copying 0 resource from src\main\resources to target\classes
2025-06-03 16:57:43,110 [Worker-25: Building] WARN  o.a.m.s.f.DefaultMavenResourcesFiltering - Using platform encoding (UTF-8 actually) to copy filtered resources, i.e. build is platform dependent!
2025-06-03 16:57:43,112 [Worker-25: Building] INFO  o.a.m.s.f.DefaultMavenResourcesFiltering - Copying 0 resource from src\test\resources to target\test-classes
2025-06-03 16:57:47,722 [Worker-24: Building] WARN  o.a.m.s.f.DefaultMavenResourcesFiltering - Using platform encoding (UTF-8 actually) to copy filtered resources, i.e. build is platform dependent!
2025-06-03 16:57:47,724 [Worker-24: Building] INFO  o.a.m.s.f.DefaultMavenResourcesFiltering - Copying 0 resource from src\main\resources to target\classes
2025-06-03 16:57:47,726 [Worker-24: Building] WARN  o.a.m.s.f.DefaultMavenResourcesFiltering - Using platform encoding (UTF-8 actually) to copy filtered resources, i.e. build is platform dependent!
2025-06-03 16:57:47,729 [Worker-24: Building] INFO  o.a.m.s.f.DefaultMavenResourcesFiltering - Copying 0 resource from src\test\resources to target\test-classes
